역명,타입내_순위,노선명,지역,상권_총점,총_승하차객수,프리미엄_점수,가성비_점수,상권_성격
을지로입구,1,2호선,서울,136,99168,105,31,Type 0. 초대형 핵심 광역 상권
종각,2,1호선,서울,124,77041,93,31,Type 0. 초대형 핵심 광역 상권
강남,3,"2호선, 신분당선",서울,119,196316,93,26,Type 0. 초대형 핵심 광역 상권
광화문,4,5호선,서울,117,65042,93,24,Type 0. 초대형 핵심 광역 상권
시청,5,"1호선, 2호선",서울,110,58520,87,23,Type 0. 초대형 핵심 광역 상권
회현,6,4호선,서울,105,53255,84,21,Type 0. 초대형 핵심 광역 상권
명동,7,4호선,서울,94,68791,75,19,Type 0. 초대형 핵심 광역 상권
여의도,8,"5호선, 9호선",서울,92,111231,78,14,Type 0. 초대형 핵심 광역 상권
서면,9,"부산1호선, 부산2호선",부산,91,127218,66,25,Type 0. 초대형 핵심 광역 상권
가산디지털단지,10,"1호선, 7호선",서울,76,109224,45,31,Type 0. 초대형 핵심 광역 상권
중앙로,11,대구1호선,대구,74,30120,57,17,Type 0. 초대형 핵심 광역 상권
삼성,12,2호선,서울,74,102363,63,11,Type 0. 초대형 핵심 광역 상권
신논현,13,"9호선, 신분당선",서울,72,84344,54,18,Type 0. 초대형 핵심 광역 상권
고속터미널,14,"3호선, 7호선, 9호선",서울,71,163990,57,14,Type 0. 초대형 핵심 광역 상권
선릉,15,"2호선, 수인분당선",서울,71,127745,48,23,Type 0. 초대형 핵심 광역 상권
홍대입구,16,"2호선, 경의중앙선, 공항철도",서울,71,182133,51,20,Type 0. 초대형 핵심 광역 상권
서대문,17,5호선,서울,69,34450,51,18,Type 0. 초대형 핵심 광역 상권
잠실,18,"2호선, 8호선",서울,65,195316,54,11,Type 0. 초대형 핵심 광역 상권
역삼,19,2호선,서울,64,99058,45,19,Type 0. 초대형 핵심 광역 상권
반월당,20,"대구1호선, 대구2호선",대구,62,66113,51,11,Type 0. 초대형 핵심 광역 상권
신촌,21,"2호선, 경의중앙선",서울,61,73990,48,13,Type 0. 초대형 핵심 광역 상권
용산,22,"1호선, 경의중앙선",서울,61,186254,45,16,Type 0. 초대형 핵심 광역 상권
공덕,23,"5호선, 6호선, 경의중앙선, 공항철도",서울,57,76576,39,18,Type 0. 초대형 핵심 광역 상권
혜화,24,4호선,서울,57,71978,42,15,Type 0. 초대형 핵심 광역 상권
신용산,25,4호선,서울,56,45233,39,17,Type 0. 초대형 핵심 광역 상권
노원,26,"4호선, 7호선",서울,55,81619,39,16,Type 0. 초대형 핵심 광역 상권
을지로3가,27,"2호선, 3호선",서울,55,72334,33,22,Type 0. 초대형 핵심 광역 상권
건대입구,28,"2호선, 7호선",서울,54,101873,36,18,Type 0. 초대형 핵심 광역 상권
발산,29,5호선,서울,54,46341,39,15,Type 0. 초대형 핵심 광역 상권
서강대,30,경의중앙선,서울,54,3914,45,9,Type 0. 초대형 핵심 광역 상권
서울역,31,"1호선, 4호선, 경의중앙선, 공항철도",서울,54,202311,39,15,Type 0. 초대형 핵심 광역 상권
부평,32,"1호선, 인천1호선",인천,54,70770,27,27,Type 0. 초대형 핵심 광역 상권
센텀시티,33,부산2호선,부산,53,40072,42,11,Type 0. 초대형 핵심 광역 상권
수원시청,34,수인분당선,경기,51,27128,36,15,Type 0. 초대형 핵심 광역 상권
영등포,35,1호선,서울,51,84349,36,15,Type 0. 초대형 핵심 광역 상권
양재,36,"3호선, 신분당선",서울,50,89431,33,17,Type 0. 초대형 핵심 광역 상권
경전철의정부,37,의정부경전철,경기,49,5473,30,19,Type 0. 초대형 핵심 광역 상권
의정부,38,1호선,경기,49,35898,36,13,Type 0. 초대형 핵심 광역 상권
문화전당,39,광주1호선,광주,49,6194,36,13,Type 0. 초대형 핵심 광역 상권
남부터미널,40,3호선,서울,49,60126,33,16,Type 0. 초대형 핵심 광역 상권
합정,41,"2호선, 6호선",서울,49,90730,33,16,Type 0. 초대형 핵심 광역 상권
수원,42,"1호선, 수인분당선",경기,48,90607,39,9,Type 0. 초대형 핵심 광역 상권
국회의사당,43,9호선,서울,48,32874,33,15,Type 0. 초대형 핵심 광역 상권
봉은사,44,9호선,서울,48,42787,42,6,Type 0. 초대형 핵심 광역 상권
압구정,45,3호선,서울,48,61256,36,12,Type 0. 초대형 핵심 광역 상권
왕십리,46,"2호선, 5호선, 경의중앙선, 수인분당선",서울,48,71182,30,18,Type 0. 초대형 핵심 광역 상권
종로5가,47,1호선,서울,48,45252,27,21,Type 0. 초대형 핵심 광역 상권
상동,48,7호선,경기,47,28720,30,17,Type 0. 초대형 핵심 광역 상권
서현,49,수인분당선,경기,47,45713,36,11,Type 0. 초대형 핵심 광역 상권
야탑,50,수인분당선,경기,47,48579,33,14,Type 0. 초대형 핵심 광역 상권
교대,51,"2호선, 3호선",서울,47,86391,33,14,Type 0. 초대형 핵심 광역 상권
동대문역사문화공원,52,"2호선, 4호선, 5호선",서울,47,72529,33,14,Type 0. 초대형 핵심 광역 상권
서울대입구,53,2호선,서울,47,86070,27,20,Type 0. 초대형 핵심 광역 상권
예술회관,54,인천1호선,인천,47,21396,27,20,Type 0. 초대형 핵심 광역 상권
안양,55,1호선,경기,45,39873,27,18,Type 0. 초대형 핵심 광역 상권
총신대입구,56,"4호선, 7호선",서울,45,77188,33,12,Type 0. 초대형 핵심 광역 상권
경복궁,57,3호선,서울,44,45114,30,14,Type 0. 초대형 핵심 광역 상권
마곡,58,5호선,서울,44,30624,27,17,Type 0. 초대형 핵심 광역 상권
종로3가,59,"1호선, 3호선, 5호선",서울,44,97165,24,20,Type 0. 초대형 핵심 광역 상권
충무로,60,"3호선, 4호선",서울,44,55862,24,20,Type 0. 초대형 핵심 광역 상권
논현,61,"7호선, 신분당선",서울,43,45948,30,13,Type 0. 초대형 핵심 광역 상권
중앙,62,"4호선, 수인분당선",경기,42,69898,30,12,Type 0. 초대형 핵심 광역 상권
신림,63,"2호선, 신림선",서울,42,109905,24,18,Type 0. 초대형 핵심 광역 상권
정발산,1,3호선,경기,43,13459,30,13,Type 1. 고급/오피스 프리미엄 상권
화정,2,3호선,경기,42,31958,30,12,Type 1. 고급/오피스 프리미엄 상권
시청,3,대전1호선,대전,42,15250,27,15,Type 1. 고급/오피스 프리미엄 상권
남포,4,부산1호선,부산,42,35087,36,6,Type 1. 고급/오피스 프리미엄 상권
마포,5,5호선,서울,42,28217,27,15,Type 1. 고급/오피스 프리미엄 상권
판교,6,"경강선, 신분당선",경기,41,72677,36,5,Type 1. 고급/오피스 프리미엄 상권
정부청사,7,대전1호선,대전,41,12935,30,11,Type 1. 고급/오피스 프리미엄 상권
수유,8,4호선,서울,41,64683,27,14,Type 1. 고급/오피스 프리미엄 상권
오목교,9,5호선,서울,41,41918,30,11,Type 1. 고급/오피스 프리미엄 상권
탄방,10,대전1호선,대전,40,9244,27,13,Type 1. 고급/오피스 프리미엄 상권
당곡,11,신림선,서울,40,9538,27,13,Type 1. 고급/오피스 프리미엄 상권
영등포구청,12,"2호선, 5호선",서울,40,53512,21,19,Type 1. 고급/오피스 프리미엄 상권
아라,13,인천1호선,인천,40,18545,21,19,Type 1. 고급/오피스 프리미엄 상권
범계,14,4호선,경기,39,53529,27,12,Type 1. 고급/오피스 프리미엄 상권
부천시청,15,7호선,경기,39,27566,27,12,Type 1. 고급/오피스 프리미엄 상권
산본,16,4호선,경기,39,31317,30,9,Type 1. 고급/오피스 프리미엄 상권
신중동,17,7호선,경기,39,29483,24,15,Type 1. 고급/오피스 프리미엄 상권
미사,18,5호선,경기,38,34600,21,17,Type 1. 고급/오피스 프리미엄 상권
유성온천,19,대전1호선,대전,38,18128,30,8,Type 1. 고급/오피스 프리미엄 상권
전포,20,부산2호선,부산,38,21180,27,11,Type 1. 고급/오피스 프리미엄 상권
구로디지털단지,21,2호선,서울,38,107215,15,23,Type 1. 고급/오피스 프리미엄 상권
동대문,22,"1호선, 4호선",서울,38,59254,12,26,Type 1. 고급/오피스 프리미엄 상권
마곡나루,23,"9호선, 공항철도",서울,38,54612,27,11,Type 1. 고급/오피스 프리미엄 상권
문래,24,2호선,서울,38,44270,21,17,Type 1. 고급/오피스 프리미엄 상권
문정,25,8호선,서울,38,43209,24,14,Type 1. 고급/오피스 프리미엄 상권
자갈치,26,부산1호선,부산,37,35180,24,13,Type 1. 고급/오피스 프리미엄 상권
몽촌토성,27,8호선,서울,37,14994,24,13,Type 1. 고급/오피스 프리미엄 상권
샛강,28,"9호선, 신림선",서울,37,18158,24,13,Type 1. 고급/오피스 프리미엄 상권
성신여대입구,29,"4호선, 우이신설선",서울,37,49267,18,19,Type 1. 고급/오피스 프리미엄 상권
수색,30,경의중앙선,서울,37,5909,24,13,Type 1. 고급/오피스 프리미엄 상권
충정로,31,"2호선, 5호선",서울,37,29188,27,10,Type 1. 고급/오피스 프리미엄 상권
회기,32,"1호선, 경의중앙선",서울,37,92270,24,13,Type 1. 고급/오피스 프리미엄 상권
해운대,33,부산2호선,부산,36,28803,27,9,Type 1. 고급/오피스 프리미엄 상권
인천논현,34,수인분당선,인천,36,10080,21,15,Type 1. 고급/오피스 프리미엄 상권
광교중앙,35,신분당선,경기,35,22240,21,14,Type 1. 고급/오피스 프리미엄 상권
구리,36,"8호선, 경의중앙선",경기,35,34605,21,14,Type 1. 고급/오피스 프리미엄 상권
동대구,37,"대경선, 대구1호선",대구,35,40158,27,8,Type 1. 고급/오피스 프리미엄 상권
신사,38,"3호선, 신분당선",서울,35,68966,24,11,Type 1. 고급/오피스 프리미엄 상권
천호,39,"5호선, 8호선",서울,35,76711,18,17,Type 1. 고급/오피스 프리미엄 상권
인천공항2터미널,40,공항철도,인천,35,18520,33,2,Type 1. 고급/오피스 프리미엄 상권
인천대입구,41,인천1호선,인천,35,13019,24,11,Type 1. 고급/오피스 프리미엄 상권
주안,42,"1호선, 인천2호선",인천,35,44088,21,14,Type 1. 고급/오피스 프리미엄 상권
수내,43,수인분당선,경기,34,24838,21,13,Type 1. 고급/오피스 프리미엄 상권
신당,44,"2호선, 6호선",서울,34,46336,15,19,Type 1. 고급/오피스 프리미엄 상권
영등포시장,45,5호선,서울,34,23551,12,22,Type 1. 고급/오피스 프리미엄 상권
장지,46,8호선,서울,34,31694,24,10,Type 1. 고급/오피스 프리미엄 상권
한티,47,수인분당선,서울,34,32625,27,7,Type 1. 고급/오피스 프리미엄 상권
부산,48,부산1호선,부산,33,46833,24,9,Type 1. 고급/오피스 프리미엄 상권
가양,49,9호선,서울,33,40957,21,12,Type 1. 고급/오피스 프리미엄 상권
강변,50,2호선,서울,33,49640,27,6,Type 1. 고급/오피스 프리미엄 상권
길동,51,5호선,서울,33,17927,21,12,Type 1. 고급/오피스 프리미엄 상권
남영,52,1호선,서울,33,17627,21,12,Type 1. 고급/오피스 프리미엄 상권
을지로4가,53,"2호선, 5호선",서울,33,39025,18,15,Type 1. 고급/오피스 프리미엄 상권
부천,54,1호선,경기,32,58513,15,17,Type 1. 고급/오피스 프리미엄 상권
상무,55,광주1호선,광주,32,7942,21,11,Type 1. 고급/오피스 프리미엄 상권
중앙로,56,대전1호선,대전,32,15028,18,14,Type 1. 고급/오피스 프리미엄 상권
동래,57,"동해선, 부산1호선, 부산4호선",부산,32,40288,18,14,Type 1. 고급/오피스 프리미엄 상권
당산,58,"2호선, 9호선",서울,32,72123,21,11,Type 1. 고급/오피스 프리미엄 상권
송파나루,59,9호선,서울,32,12636,18,14,Type 1. 고급/오피스 프리미엄 상권
안국,60,3호선,서울,32,47368,21,11,Type 1. 고급/오피스 프리미엄 상권
연신내,61,"3호선, 6호선",서울,32,68688,15,17,Type 1. 고급/오피스 프리미엄 상권
잠실새내,62,2호선,서울,32,44219,24,8,Type 1. 고급/오피스 프리미엄 상권
화곡,63,5호선,서울,32,52425,21,11,Type 1. 고급/오피스 프리미엄 상권
평촌,64,4호선,경기,31,32088,18,13,Type 1. 고급/오피스 프리미엄 상권
수안,65,부산4호선,부산,31,7966,18,13,Type 1. 고급/오피스 프리미엄 상권
장산,66,부산2호선,부산,31,28915,21,10,Type 1. 고급/오피스 프리미엄 상권
노량진,67,"1호선, 9호선",서울,31,69784,18,13,Type 1. 고급/오피스 프리미엄 상권
뚝섬,68,2호선,서울,31,46580,15,16,Type 1. 고급/오피스 프리미엄 상권
반포,69,7호선,서울,31,12338,27,4,Type 1. 고급/오피스 프리미엄 상권
서울숲,70,수인분당선,서울,31,21072,18,13,Type 1. 고급/오피스 프리미엄 상권
안암,71,6호선,서울,31,21165,21,10,Type 1. 고급/오피스 프리미엄 상권
태릉입구,72,"6호선, 7호선",서울,31,26243,21,10,Type 1. 고급/오피스 프리미엄 상권
한성백제,73,9호선,서울,31,5998,21,10,Type 1. 고급/오피스 프리미엄 상권
인천터미널,74,인천1호선,인천,31,24291,24,7,Type 1. 고급/오피스 프리미엄 상권
구래,75,김포골드라인,경기,30,17404,18,12,Type 1. 고급/오피스 프리미엄 상권
팔거,76,대구3호선,대구,30,8048,24,6,Type 1. 고급/오피스 프리미엄 상권
하단,77,부산1호선,부산,30,34509,24,6,Type 1. 고급/오피스 프리미엄 상권
강남구청,78,"7호선, 수인분당선",서울,30,50786,21,9,Type 1. 고급/오피스 프리미엄 상권
미아사거리,79,4호선,서울,30,49663,18,12,Type 1. 고급/오피스 프리미엄 상권
보라매병원,80,신림선,서울,30,15538,21,9,Type 1. 고급/오피스 프리미엄 상권
숙대입구,81,4호선,서울,30,27306,21,9,Type 1. 고급/오피스 프리미엄 상권
응암,82,6호선,서울,30,33471,15,15,Type 1. 고급/오피스 프리미엄 상권
이대,83,2호선,서울,30,30365,18,12,Type 1. 고급/오피스 프리미엄 상권
다산,84,8호선,경기,29,19230,15,14,Type 1. 고급/오피스 프리미엄 상권
영통,85,수인분당선,경기,29,16552,18,11,Type 1. 고급/오피스 프리미엄 상권
철산,86,7호선,경기,29,42485,21,8,Type 1. 고급/오피스 프리미엄 상권
온천장,87,부산1호선,부산,29,31394,21,8,Type 1. 고급/오피스 프리미엄 상권
강동,88,5호선,서울,29,35308,18,11,Type 1. 고급/오피스 프리미엄 상권
구로,89,1호선,서울,29,31723,18,11,Type 1. 고급/오피스 프리미엄 상권
구의,90,2호선,서울,29,53095,12,17,Type 1. 고급/오피스 프리미엄 상권
대흥,91,6호선,서울,29,17299,21,8,Type 1. 고급/오피스 프리미엄 상권
망우,92,"경의중앙선, 경춘선",서울,29,28590,18,11,Type 1. 고급/오피스 프리미엄 상권
상왕십리,93,2호선,서울,29,26891,18,11,Type 1. 고급/오피스 프리미엄 상권
압구정로데오,94,수인분당선,서울,29,38264,24,5,Type 1. 고급/오피스 프리미엄 상권
학동,95,7호선,서울,29,42972,18,11,Type 1. 고급/오피스 프리미엄 상권
서대전네거리,96,대전1호선,대전,28,10931,18,10,Type 1. 고급/오피스 프리미엄 상권
용문,97,대전1호선,대전,28,14016,21,7,Type 1. 고급/오피스 프리미엄 상권
사상,98,"부산2호선, 부산김해경전철",부산,28,60862,21,7,Type 1. 고급/오피스 프리미엄 상권
경찰병원,99,3호선,서울,28,14196,18,10,Type 1. 고급/오피스 프리미엄 상권
길음,100,4호선,서울,28,39390,18,10,Type 1. 고급/오피스 프리미엄 상권
삼전,101,9호선,서울,28,16366,18,10,Type 1. 고급/오피스 프리미엄 상권
서초,102,2호선,서울,28,40209,21,7,Type 1. 고급/오피스 프리미엄 상권
테크노파크,103,인천1호선,인천,28,20179,21,7,Type 1. 고급/오피스 프리미엄 상권
송내,104,1호선,경기,27,45274,15,12,Type 1. 고급/오피스 프리미엄 상권
평내호평,105,경춘선,경기,27,11133,18,9,Type 1. 고급/오피스 프리미엄 상권
덕천,106,"부산2호선, 부산3호선",부산,27,34406,18,9,Type 1. 고급/오피스 프리미엄 상권
범일,107,부산1호선,부산,27,28961,18,9,Type 1. 고급/오피스 프리미엄 상권
사직,108,부산3호선,부산,27,13768,21,6,Type 1. 고급/오피스 프리미엄 상권
구파발,109,3호선,서울,27,40570,18,9,Type 1. 고급/오피스 프리미엄 상권
석촌,110,"8호선, 9호선",서울,27,36922,15,12,Type 1. 고급/오피스 프리미엄 상권
수서,111,"3호선, 수인분당선",서울,27,69541,21,6,Type 1. 고급/오피스 프리미엄 상권
어린이대공원,112,7호선,서울,27,25738,18,9,Type 1. 고급/오피스 프리미엄 상권
여의나루,113,5호선,서울,27,20923,21,6,Type 1. 고급/오피스 프리미엄 상권
청량리,114,"1호선, 경의중앙선",서울,27,80235,15,12,Type 1. 고급/오피스 프리미엄 상권
동춘,115,인천1호선,인천,27,17478,21,6,Type 1. 고급/오피스 프리미엄 상권
석천사거리,116,인천2호선,인천,27,8222,12,15,Type 1. 고급/오피스 프리미엄 상권
연수,117,수인분당선,인천,27,8575,15,12,Type 1. 고급/오피스 프리미엄 상권
작전,118,인천1호선,인천,27,25820,15,12,Type 1. 고급/오피스 프리미엄 상권
광명,119,1호선,경기,26,6602,15,11,Type 1. 고급/오피스 프리미엄 상권
금정,120,"1호선, 4호선",경기,26,103874,15,11,Type 1. 고급/오피스 프리미엄 상권
마두,121,3호선,경기,26,14238,18,8,Type 1. 고급/오피스 프리미엄 상권
백석,122,3호선,경기,26,19038,18,8,Type 1. 고급/오피스 프리미엄 상권
사우,123,김포골드라인,경기,26,13497,15,11,Type 1. 고급/오피스 프리미엄 상권
오리,124,수인분당선,경기,26,19137,18,8,Type 1. 고급/오피스 프리미엄 상권
정자,125,"수인분당선, 신분당선",경기,26,50365,12,14,Type 1. 고급/오피스 프리미엄 상권
평택,126,1호선,경기,26,23452,21,5,Type 1. 고급/오피스 프리미엄 상권
양산,127,부산2호선,경남,26,10565,21,5,Type 1. 고급/오피스 프리미엄 상권
경대병원,128,대구2호선,대구,26,12916,21,5,Type 1. 고급/오피스 프리미엄 상권
성서산업단지,129,대구2호선,대구,26,8632,18,8,Type 1. 고급/오피스 프리미엄 상권
진천,130,대구1호선,대구,26,14662,15,11,Type 1. 고급/오피스 프리미엄 상권
부산대,131,부산1호선,부산,26,25529,18,8,Type 1. 고급/오피스 프리미엄 상권
대치,132,3호선,서울,26,25323,18,8,Type 1. 고급/오피스 프리미엄 상권
등촌,133,9호선,서울,26,23895,15,11,Type 1. 고급/오피스 프리미엄 상권
사당,134,"2호선, 4호선",서울,26,131125,18,8,Type 1. 고급/오피스 프리미엄 상권
상수,135,6호선,서울,26,21232,15,11,Type 1. 고급/오피스 프리미엄 상권
굴포천,136,7호선,인천,26,18404,12,14,Type 1. 고급/오피스 프리미엄 상권
산곡,137,7호선,인천,26,18845,12,14,Type 1. 고급/오피스 프리미엄 상권
주엽,138,3호선,경기,25,15912,18,7,Type 1. 고급/오피스 프리미엄 상권
회룡,139,"1호선, 의정부경전철",경기,25,42833,12,13,Type 1. 고급/오피스 프리미엄 상권
문현,140,부산2호선,부산,25,9662,18,7,Type 1. 고급/오피스 프리미엄 상권
범내골,141,부산1호선,부산,25,20027,18,7,Type 1. 고급/오피스 프리미엄 상권
벡스코,142,"동해선, 부산2호선",부산,25,31369,15,10,Type 1. 고급/오피스 프리미엄 상권
시청,143,부산1호선,부산,25,29260,15,10,Type 1. 고급/오피스 프리미엄 상권
연산,144,"부산1호선, 부산3호선",부산,25,53164,15,10,Type 1. 고급/오피스 프리미엄 상권
불광,145,"3호선, 6호선",서울,25,40622,12,13,Type 1. 고급/오피스 프리미엄 상권
성수,146,2호선,서울,25,103501,12,13,Type 1. 고급/오피스 프리미엄 상권
외대앞,147,1호선,서울,25,20201,15,10,Type 1. 고급/오피스 프리미엄 상권
청담,148,7호선,서울,25,35210,21,4,Type 1. 고급/오피스 프리미엄 상권
부평시장,149,인천1호선,인천,25,23687,9,16,Type 1. 고급/오피스 프리미엄 상권
광명사거리,150,7호선,경기,24,41610,12,12,Type 1. 고급/오피스 프리미엄 상권
동천,151,신분당선,경기,24,17571,15,9,Type 1. 고급/오피스 프리미엄 상권
미금,152,"수인분당선, 신분당선",경기,24,54218,15,9,Type 1. 고급/오피스 프리미엄 상권
신천,153,서해선,경기,24,12769,12,12,Type 1. 고급/오피스 프리미엄 상권
정부과천청사,154,4호선,경기,24,24954,15,9,Type 1. 고급/오피스 프리미엄 상권
중구청,155,대전1호선,대전,24,4362,12,12,Type 1. 고급/오피스 프리미엄 상권
가락시장,156,"3호선, 8호선",서울,24,34795,18,6,Type 1. 고급/오피스 프리미엄 상권
공릉,157,7호선,서울,24,22886,12,12,Type 1. 고급/오피스 프리미엄 상권
광운대,158,1호선,서울,24,15149,15,9,Type 1. 고급/오피스 프리미엄 상권
양천향교,159,9호선,서울,24,20497,12,12,Type 1. 고급/오피스 프리미엄 상권
염창,160,9호선,서울,24,33297,15,9,Type 1. 고급/오피스 프리미엄 상권
증미,161,9호선,서울,24,14676,12,12,Type 1. 고급/오피스 프리미엄 상권
두류,162,대구2호선,대구,23,12571,15,8,Type 1. 고급/오피스 프리미엄 상권
강동구청,163,8호선,서울,23,20571,12,11,Type 1. 고급/오피스 프리미엄 상권
개봉,164,1호선,서울,23,41638,9,14,Type 1. 고급/오피스 프리미엄 상권
둔촌동,165,5호선,서울,23,25312,9,14,Type 1. 고급/오피스 프리미엄 상권
방배,166,2호선,서울,23,29215,15,8,Type 1. 고급/오피스 프리미엄 상권
삼성중앙,167,9호선,서울,23,15229,18,5,Type 1. 고급/오피스 프리미엄 상권
선유도,168,9호선,서울,23,16598,9,14,Type 1. 고급/오피스 프리미엄 상권
선정릉,169,"9호선, 수인분당선",서울,23,32940,18,5,Type 1. 고급/오피스 프리미엄 상권
창동,170,"1호선, 4호선",서울,23,53190,9,14,Type 1. 고급/오피스 프리미엄 상권
발곡,171,의정부경전철,경기,22,5894,9,13,Type 1. 고급/오피스 프리미엄 상권
수지구청,172,신분당선,경기,22,27488,12,10,Type 1. 고급/오피스 프리미엄 상권
장신대,173,부산김해경전철,경남,22,3932,15,7,Type 1. 고급/오피스 프리미엄 상권
대전,174,대전1호선,대전,22,22671,12,10,Type 1. 고급/오피스 프리미엄 상권
토성,175,부산1호선,부산,22,15616,15,7,Type 1. 고급/오피스 프리미엄 상권
굽은다리,176,5호선,서울,22,18712,15,7,Type 1. 고급/오피스 프리미엄 상권
답십리,177,5호선,서울,22,28770,12,10,Type 1. 고급/오피스 프리미엄 상권
동묘앞,178,"1호선, 6호선",서울,22,36984,6,16,Type 1. 고급/오피스 프리미엄 상권
목동,179,5호선,서울,22,32100,15,7,Type 1. 고급/오피스 프리미엄 상권
방학,180,1호선,서울,22,18491,12,10,Type 1. 고급/오피스 프리미엄 상권
사가정,181,7호선,서울,22,30076,12,10,Type 1. 고급/오피스 프리미엄 상권
상일동,182,5호선,서울,22,26787,15,7,Type 1. 고급/오피스 프리미엄 상권
쌍문,183,4호선,서울,22,52847,12,10,Type 1. 고급/오피스 프리미엄 상권
잠실나루,184,2호선,서울,22,26399,15,7,Type 1. 고급/오피스 프리미엄 상권
홍제,185,3호선,서울,22,33626,15,7,Type 1. 고급/오피스 프리미엄 상권
가정,186,인천2호선,인천,22,19639,6,16,Type 1. 고급/오피스 프리미엄 상권
시민공원,187,인천2호선,인천,22,18423,9,13,Type 1. 고급/오피스 프리미엄 상권
완정,188,인천2호선,인천,22,11676,9,13,Type 1. 고급/오피스 프리미엄 상권
병점,189,1호선,경기,21,26986,9,12,Type 1. 고급/오피스 프리미엄 상권
선부,190,서해선,경기,21,7845,12,9,Type 1. 고급/오피스 프리미엄 상권
운양,191,김포골드라인,경기,21,9872,15,6,Type 1. 고급/오피스 프리미엄 상권
한대앞,192,"4호선, 수인분당선",경기,21,32354,12,9,Type 1. 고급/오피스 프리미엄 상권
범어,193,대구2호선,대구,21,15227,12,9,Type 1. 고급/오피스 프리미엄 상권
신매,194,대구2호선,대구,21,10566,15,6,Type 1. 고급/오피스 프리미엄 상권
남천,195,부산2호선,부산,21,15942,9,12,Type 1. 고급/오피스 프리미엄 상권
동대신,196,부산1호선,부산,21,11771,12,9,Type 1. 고급/오피스 프리미엄 상권
낙성대,197,2호선,서울,21,51923,15,6,Type 1. 고급/오피스 프리미엄 상권
명일,198,5호선,서울,21,15433,12,9,Type 1. 고급/오피스 프리미엄 상권
서울대벤처타운,199,신림선,서울,21,18993,9,12,Type 1. 고급/오피스 프리미엄 상권
신대방삼거리,200,7호선,서울,21,27930,12,9,Type 1. 고급/오피스 프리미엄 상권
한양대,201,2호선,서울,21,16892,15,6,Type 1. 고급/오피스 프리미엄 상권
모래내시장,202,인천2호선,인천,21,14741,9,12,Type 1. 고급/오피스 프리미엄 상권
센트럴파크,203,인천1호선,인천,21,6553,12,9,Type 1. 고급/오피스 프리미엄 상권
남춘천,204,경춘선,강원,20,5219,12,8,Type 1. 고급/오피스 프리미엄 상권
망포,205,수인분당선,경기,20,26878,9,11,Type 1. 고급/오피스 프리미엄 상권
모란,206,"8호선, 수인분당선",경기,20,46961,15,5,Type 1. 고급/오피스 프리미엄 상권
범골,207,의정부경전철,경기,20,5080,9,11,Type 1. 고급/오피스 프리미엄 상권
야당,208,경의중앙선,경기,20,14358,12,8,Type 1. 고급/오피스 프리미엄 상권
의정부중앙,209,의정부경전철,경기,20,7018,9,11,Type 1. 고급/오피스 프리미엄 상권
지행,210,1호선,경기,20,11483,12,8,Type 1. 고급/오피스 프리미엄 상권
운천,211,광주1호선,광주,20,6113,12,8,Type 1. 고급/오피스 프리미엄 상권
대구,212,"대경선, 대구1호선",대구,20,20671,15,5,Type 1. 고급/오피스 프리미엄 상권
개금,213,부산2호선,부산,20,15682,12,8,Type 1. 고급/오피스 프리미엄 상권
개화산,214,5호선,서울,20,11218,12,8,Type 1. 고급/오피스 프리미엄 상권
망원,215,6호선,서울,20,33167,6,14,Type 1. 고급/오피스 프리미엄 상권
석촌고분,216,9호선,서울,20,14623,12,8,Type 1. 고급/오피스 프리미엄 상권
신도림,217,"1호선, 2호선",서울,20,97631,12,8,Type 1. 고급/오피스 프리미엄 상권
신설동,218,"1호선, 2호선, 우이신설선",서울,20,38907,9,11,Type 1. 고급/오피스 프리미엄 상권
오류동,219,1호선,서울,20,20517,12,8,Type 1. 고급/오피스 프리미엄 상권
갈산,220,인천1호선,인천,20,15163,9,11,Type 1. 고급/오피스 프리미엄 상권
검단사거리,221,인천2호선,인천,20,13812,12,8,Type 1. 고급/오피스 프리미엄 상권
인하대,222,수인분당선,인천,20,11156,15,5,Type 1. 고급/오피스 프리미엄 상권
동구릉,223,8호선,경기,19,18624,12,7,Type 1. 고급/오피스 프리미엄 상권
성균관대,224,1호선,경기,19,27146,12,7,Type 1. 고급/오피스 프리미엄 상권
성복,225,신분당선,경기,19,30516,9,10,Type 1. 고급/오피스 프리미엄 상권
소사,226,"1호선, 서해선",경기,19,25567,9,10,Type 1. 고급/오피스 프리미엄 상권
시흥능곡,227,서해선,경기,19,7034,9,10,Type 1. 고급/오피스 프리미엄 상권
탄현,228,경의중앙선,경기,19,13489,15,4,Type 1. 고급/오피스 프리미엄 상권
광주송정,229,광주1호선,광주,19,9532,12,7,Type 1. 고급/오피스 프리미엄 상권
금남로4가,230,광주1호선,광주,19,7697,12,7,Type 1. 고급/오피스 프리미엄 상권
감삼,231,대구2호선,대구,19,11804,12,7,Type 1. 고급/오피스 프리미엄 상권
죽전,232,대구2호선,대구,19,12314,15,4,Type 1. 고급/오피스 프리미엄 상권
황금,233,대구3호선,대구,19,5120,12,7,Type 1. 고급/오피스 프리미엄 상권
서대신,234,부산1호선,부산,19,6784,9,10,Type 1. 고급/오피스 프리미엄 상권
주례,235,부산2호선,부산,19,12742,9,10,Type 1. 고급/오피스 프리미엄 상권
중동,236,부산2호선,부산,19,15122,12,7,Type 1. 고급/오피스 프리미엄 상권
군자,237,"5호선, 7호선",서울,19,51092,9,10,Type 1. 고급/오피스 프리미엄 상권
금천구청,238,1호선,서울,19,19879,9,10,Type 1. 고급/오피스 프리미엄 상권
대림,239,"2호선, 7호선",서울,19,64667,12,7,Type 1. 고급/오피스 프리미엄 상권
방이,240,5호선,서울,19,15000,9,10,Type 1. 고급/오피스 프리미엄 상권
보라매,241,"7호선, 신림선",서울,19,20984,6,13,Type 1. 고급/오피스 프리미엄 상권
상도,242,7호선,서울,19,21843,9,10,Type 1. 고급/오피스 프리미엄 상권
언주,243,9호선,서울,19,22481,9,10,Type 1. 고급/오피스 프리미엄 상권
흑석,244,9호선,서울,19,17152,12,7,Type 1. 고급/오피스 프리미엄 상권
계산,245,인천1호선,인천,19,17565,9,10,Type 1. 고급/오피스 프리미엄 상권
단대오거리,246,8호선,경기,18,21695,9,9,Type 1. 고급/오피스 프리미엄 상권
상현,247,신분당선,경기,18,16978,9,9,Type 1. 고급/오피스 프리미엄 상권
신흥,248,8호선,경기,18,10553,9,9,Type 1. 고급/오피스 프리미엄 상권
화서,249,1호선,경기,18,20584,15,3,Type 1. 고급/오피스 프리미엄 상권
대구은행,250,대구2호선,대구,18,10639,9,9,Type 1. 고급/오피스 프리미엄 상권
구서,251,부산1호선,부산,18,17529,12,6,Type 1. 고급/오피스 프리미엄 상권
거여,252,5호선,서울,18,18620,12,6,Type 1. 고급/오피스 프리미엄 상권
고덕,253,5호선,서울,18,19180,12,6,Type 1. 고급/오피스 프리미엄 상권
내방,254,7호선,서울,18,27803,12,6,Type 1. 고급/오피스 프리미엄 상권
마포구청,255,6호선,서울,18,26328,12,6,Type 1. 고급/오피스 프리미엄 상권
새절,256,6호선,서울,18,22861,6,12,Type 1. 고급/오피스 프리미엄 상권
신방화,257,9호선,서울,18,12997,9,9,Type 1. 고급/오피스 프리미엄 상권
중곡,258,7호선,서울,18,20159,9,9,Type 1. 고급/오피스 프리미엄 상권
가정중앙시장,259,인천2호선,인천,18,10905,9,9,Type 1. 고급/오피스 프리미엄 상권
운서,260,공항철도,인천,18,19570,9,9,Type 1. 고급/오피스 프리미엄 상권
가천대,261,수인분당선,경기,17,14415,12,5,Type 1. 고급/오피스 프리미엄 상권
고잔,262,"4호선, 수인분당선",경기,17,31348,6,11,Type 1. 고급/오피스 프리미엄 상권
도농,263,경의중앙선,경기,17,16306,9,8,Type 1. 고급/오피스 프리미엄 상권
오산대,264,1호선,경기,17,6417,9,8,Type 1. 고급/오피스 프리미엄 상권
일산,265,"경의중앙선, 서해선",경기,17,36022,9,8,Type 1. 고급/오피스 프리미엄 상권
장기,266,김포골드라인,경기,17,14398,9,8,Type 1. 고급/오피스 프리미엄 상권
까치산,267,"2호선, 5호선",서울,17,51596,9,8,Type 1. 고급/오피스 프리미엄 상권
디지털미디어시티,268,"6호선, 경의중앙선, 공항철도",서울,17,58130,9,8,Type 1. 고급/오피스 프리미엄 상권
미아,269,4호선,서울,17,29086,6,11,Type 1. 고급/오피스 프리미엄 상권
봉천,270,2호선,서울,17,45293,3,14,Type 1. 고급/오피스 프리미엄 상권
아차산,271,5호선,서울,17,27278,6,11,Type 1. 고급/오피스 프리미엄 상권
암사,272,8호선,서울,17,29347,9,8,Type 1. 고급/오피스 프리미엄 상권
중랑,273,경의중앙선,서울,17,10357,9,8,Type 1. 고급/오피스 프리미엄 상권
서구청,274,인천2호선,인천,17,14439,9,8,Type 1. 고급/오피스 프리미엄 상권
기흥,275,"수인분당선, 용인경전철",경기,16,21981,9,7,Type 1. 고급/오피스 프리미엄 상권
명학,276,1호선,경기,16,14380,9,7,Type 1. 고급/오피스 프리미엄 상권
역곡,277,1호선,경기,16,45474,6,10,Type 1. 고급/오피스 프리미엄 상권
인덕원,278,4호선,경기,16,48335,9,7,Type 1. 고급/오피스 프리미엄 상권
대실,279,대구2호선,대구,16,12276,9,7,Type 1. 고급/오피스 프리미엄 상권
상인,280,대구1호선,대구,16,19659,9,7,Type 1. 고급/오피스 프리미엄 상권
명륜,281,부산1호선,부산,16,19901,9,7,Type 1. 고급/오피스 프리미엄 상권
종합운동장,282,부산3호선,부산,16,13574,6,10,Type 1. 고급/오피스 프리미엄 상권
중앙,283,부산1호선,부산,16,18132,9,7,Type 1. 고급/오피스 프리미엄 상권
초량,284,부산1호선,부산,16,12305,6,10,Type 1. 고급/오피스 프리미엄 상권
광나루,285,5호선,서울,16,20089,12,4,Type 1. 고급/오피스 프리미엄 상권
매봉,286,3호선,서울,16,23093,12,4,Type 1. 고급/오피스 프리미엄 상권
상봉,287,"7호선, 경의중앙선",서울,16,45317,6,10,Type 1. 고급/오피스 프리미엄 상권
송정,288,5호선,서울,16,11626,9,7,Type 1. 고급/오피스 프리미엄 상권
애오개,289,5호선,서울,16,12797,9,7,Type 1. 고급/오피스 프리미엄 상권
우장산,290,5호선,서울,16,27621,9,7,Type 1. 고급/오피스 프리미엄 상권
월곡,291,6호선,서울,16,20870,9,7,Type 1. 고급/오피스 프리미엄 상권
이촌,292,"4호선, 경의중앙선",서울,16,29439,12,4,Type 1. 고급/오피스 프리미엄 상권
장승배기,293,7호선,서울,16,18223,9,7,Type 1. 고급/오피스 프리미엄 상권
하계,294,7호선,서울,16,32304,3,13,Type 1. 고급/오피스 프리미엄 상권
한성대입구,295,4호선,서울,16,25372,9,7,Type 1. 고급/오피스 프리미엄 상권
두정,296,1호선,충남,16,12856,6,10,Type 1. 고급/오피스 프리미엄 상권
죽전,297,수인분당선,경기,15,24623,12,3,Type 1. 고급/오피스 프리미엄 상권
하남시청,298,5호선,경기,15,15771,6,9,Type 1. 고급/오피스 프리미엄 상권
대연,299,부산2호선,부산,15,19289,9,6,Type 1. 고급/오피스 프리미엄 상권
화명,300,부산2호선,부산,15,20370,9,6,Type 1. 고급/오피스 프리미엄 상권
숭실대입구,301,7호선,서울,15,23106,9,6,Type 1. 고급/오피스 프리미엄 상권
양평,302,5호선,서울,15,15435,6,9,Type 1. 고급/오피스 프리미엄 상권
동인천,303,1호선,인천,15,23472,6,9,Type 1. 고급/오피스 프리미엄 상권
임학,304,인천1호선,인천,15,13995,6,9,Type 1. 고급/오피스 프리미엄 상권
제물포,305,1호선,인천,15,17857,9,6,Type 1. 고급/오피스 프리미엄 상권
광흥창,306,6호선,서울,14,17309,9,5,Type 1. 고급/오피스 프리미엄 상권
녹번,307,3호선,서울,14,27017,9,5,Type 1. 고급/오피스 프리미엄 상권
독산,308,1호선,서울,14,29846,6,8,Type 1. 고급/오피스 프리미엄 상권
먹골,309,7호선,서울,14,19394,6,8,Type 1. 고급/오피스 프리미엄 상권
상계,310,4호선,서울,14,34827,3,11,Type 1. 고급/오피스 프리미엄 상권
석계,311,"1호선, 6호선",서울,14,36923,6,8,Type 1. 고급/오피스 프리미엄 상권
수락산,312,7호선,서울,14,23054,6,8,Type 1. 고급/오피스 프리미엄 상권
신정,313,5호선,서울,14,23359,6,8,Type 1. 고급/오피스 프리미엄 상권
아현,314,2호선,서울,14,19954,9,5,Type 1. 고급/오피스 프리미엄 상권
이태원,315,6호선,서울,14,23932,9,5,Type 1. 고급/오피스 프리미엄 상권
장한평,316,5호선,서울,14,37598,6,8,Type 1. 고급/오피스 프리미엄 상권
검암,317,"공항철도, 인천2호선",인천,14,18431,9,5,Type 1. 고급/오피스 프리미엄 상권
인천시청,318,"인천1호선, 인천2호선",인천,14,15049,6,8,Type 1. 고급/오피스 프리미엄 상권
군포,319,1호선,경기,13,11885,3,10,Type 1. 고급/오피스 프리미엄 상권
상록수,320,4호선,경기,13,26365,6,7,Type 1. 고급/오피스 프리미엄 상권
안산,321,"4호선, 수인분당선",경기,13,42378,3,10,Type 1. 고급/오피스 프리미엄 상권
춘의,322,7호선,경기,13,18122,3,10,Type 1. 고급/오피스 프리미엄 상권
태평,323,수인분당선,경기,13,24498,6,7,Type 1. 고급/오피스 프리미엄 상권
수영,324,"부산2호선, 부산3호선",부산,13,60188,3,10,Type 1. 고급/오피스 프리미엄 상권
양정,325,부산1호선,부산,13,24097,6,7,Type 1. 고급/오피스 프리미엄 상권
장전,326,부산1호선,부산,13,20059,3,10,Type 1. 고급/오피스 프리미엄 상권
구산,327,6호선,서울,13,14026,6,7,Type 1. 고급/오피스 프리미엄 상권
신풍,328,7호선,서울,13,22041,6,7,Type 1. 고급/오피스 프리미엄 상권
약수,329,"3호선, 6호선",서울,13,30608,6,7,Type 1. 고급/오피스 프리미엄 상권
제기동,330,1호선,서울,13,31308,6,7,Type 1. 고급/오피스 프리미엄 상권
행당,331,5호선,서울,13,14210,6,7,Type 1. 고급/오피스 프리미엄 상권
동암,332,1호선,인천,13,27880,6,7,Type 1. 고급/오피스 프리미엄 상권
부평구청,333,"7호선, 인천1호선",인천,13,27717,3,10,Type 1. 고급/오피스 프리미엄 상권
석남,334,"7호선, 인천2호선",인천,13,18885,6,7,Type 1. 고급/오피스 프리미엄 상권
오산,335,1호선,경기,12,19285,6,6,Type 1. 고급/오피스 프리미엄 상권
중동,336,1호선,경기,12,15122,3,9,Type 1. 고급/오피스 프리미엄 상권
구일,337,1호선,서울,12,13202,3,9,Type 1. 고급/오피스 프리미엄 상권
남구로,338,7호선,서울,12,28653,0,12,Type 1. 고급/오피스 프리미엄 상권
돌곶이,339,6호선,서울,12,21458,3,9,Type 1. 고급/오피스 프리미엄 상권
마들,340,7호선,서울,12,24253,6,6,Type 1. 고급/오피스 프리미엄 상권
신정네거리,341,2호선,서울,12,19576,3,9,Type 1. 고급/오피스 프리미엄 상권
중화,342,7호선,서울,12,20604,3,9,Type 1. 고급/오피스 프리미엄 상권
화랑대,343,6호선,서울,12,17952,3,9,Type 1. 고급/오피스 프리미엄 상권
효창공원앞,344,"6호선, 경의중앙선",서울,12,19547,3,9,Type 1. 고급/오피스 프리미엄 상권
간석,345,1호선,인천,12,10094,3,9,Type 1. 고급/오피스 프리미엄 상권
삼송,346,3호선,경기,11,35140,6,5,Type 1. 고급/오피스 프리미엄 상권
광안,347,부산2호선,부산,11,22338,3,8,Type 1. 고급/오피스 프리미엄 상권
미남,348,"부산3호선, 부산4호선",부산,11,38438,6,5,Type 1. 고급/오피스 프리미엄 상권
남성,349,7호선,서울,11,20396,3,8,Type 1. 고급/오피스 프리미엄 상권
보문,350,"6호선, 우이신설선",서울,11,18011,3,8,Type 1. 고급/오피스 프리미엄 상권
부전,351,"동해선, 부산1호선",부산,10,41087,3,7,Type 1. 고급/오피스 프리미엄 상권
면목,352,7호선,서울,10,26862,3,7,Type 1. 고급/오피스 프리미엄 상권
신대방,353,2호선,서울,9,46148,3,6,Type 1. 고급/오피스 프리미엄 상권
영대병원,1,대구1호선,대구,20,9830,18,2,Type 2. 생활 밀착형 활성 상권
괘법르네시떼,2,부산김해경전철,부산,20,2655,12,8,Type 2. 생활 밀착형 활성 상권
갈매,3,경춘선,경기,18,4673,12,6,Type 2. 생활 밀착형 활성 상권
광교,4,신분당선,경기,18,5650,12,6,Type 2. 생활 밀착형 활성 상권
용인중앙시장,5,용인경전철,경기,18,5623,12,6,Type 2. 생활 밀착형 활성 상권
구미,6,대경선,경북,18,4539,12,6,Type 2. 생활 밀착형 활성 상권
탕정,7,1호선,충남,18,3541,12,6,Type 2. 생활 밀착형 활성 상권
사평,8,9호선,서울,17,7656,15,2,Type 2. 생활 밀착형 활성 상권
용답,9,2호선,서울,17,5387,12,5,Type 2. 생활 밀착형 활성 상권
양평,10,경의중앙선,경기,16,5907,9,7,Type 2. 생활 밀착형 활성 상권
장자호수공원,11,8호선,경기,16,12639,12,4,Type 2. 생활 밀착형 활성 상권
갈마,12,대전1호선,대전,16,5705,12,4,Type 2. 생활 밀착형 활성 상권
반석,13,대전1호선,대전,16,12623,12,4,Type 2. 생활 밀착형 활성 상권
교대,14,"동해선, 부산1호선",부산,16,9646,12,4,Type 2. 생활 밀착형 활성 상권
국제금융센터·부산은행,15,부산2호선,부산,16,10096,12,4,Type 2. 생활 밀착형 활성 상권
동백,16,부산2호선,부산,16,13386,12,4,Type 2. 생활 밀착형 활성 상권
장림,17,부산1호선,부산,16,6699,9,7,Type 2. 생활 밀착형 활성 상권
관악산,18,신림선,서울,16,5157,12,4,Type 2. 생활 밀착형 활성 상권
보라매공원,19,신림선,서울,16,4620,9,7,Type 2. 생활 밀착형 활성 상권
서원,20,신림선,서울,16,6718,9,7,Type 2. 생활 밀착형 활성 상권
경기도청북부청사,21,의정부경전철,경기,15,5742,6,9,Type 2. 생활 밀착형 활성 상권
수진,22,8호선,경기,15,10044,9,6,Type 2. 생활 밀착형 활성 상권
풍무,23,김포골드라인,경기,15,9976,9,6,Type 2. 생활 밀착형 활성 상권
수로왕릉,24,부산김해경전철,경남,15,4562,12,3,Type 2. 생활 밀착형 활성 상권
명덕,25,"대구1호선, 대구3호선",대구,15,10079,12,3,Type 2. 생활 밀착형 활성 상권
사월,26,대구2호선,대구,15,7544,12,3,Type 2. 생활 밀착형 활성 상권
노은,27,대전1호선,대전,15,7957,9,6,Type 2. 생활 밀착형 활성 상권
센텀,28,동해선,부산,15,4198,9,6,Type 2. 생활 밀착형 활성 상권
4.19민주묘지,29,우이신설선,서울,15,5521,9,6,Type 2. 생활 밀착형 활성 상권
고려대,30,6호선,서울,15,15178,12,3,Type 2. 생활 밀착형 활성 상권
공항시장,31,9호선,서울,15,5494,9,6,Type 2. 생활 밀착형 활성 상권
덕계,32,1호선,경기,14,10847,9,5,Type 2. 생활 밀착형 활성 상권
운정,33,경의중앙선,경기,14,13067,9,5,Type 2. 생활 밀착형 활성 상권
월곶,34,수인분당선,경기,14,4964,6,8,Type 2. 생활 밀착형 활성 상권
지축,35,3호선,경기,14,13753,9,5,Type 2. 생활 밀착형 활성 상권
박물관,36,부산김해경전철,경남,14,2820,9,5,Type 2. 생활 밀착형 활성 상권
영남대,37,대구2호선,대구,14,10193,12,2,Type 2. 생활 밀착형 활성 상권
만덕,38,부산3호선,부산,14,11544,9,5,Type 2. 생활 밀착형 활성 상권
개롱,39,5호선,서울,14,12264,9,5,Type 2. 생활 밀착형 활성 상권
동대입구,40,3호선,서울,14,20105,12,2,Type 2. 생활 밀착형 활성 상권
강남대,41,용인경전철,경기,13,2897,9,4,Type 2. 생활 밀착형 활성 상권
금촌,42,경의중앙선,경기,13,11522,6,7,Type 2. 생활 밀착형 활성 상권
대화,43,3호선,경기,13,17340,9,4,Type 2. 생활 밀착형 활성 상권
원흥,44,3호선,경기,13,19918,9,4,Type 2. 생활 밀착형 활성 상권
하양,45,대구1호선,대구,13,6077,9,4,Type 2. 생활 밀착형 활성 상권
삼양사거리,46,우이신설선,서울,13,5100,6,7,Type 2. 생활 밀착형 활성 상권
용두,47,2호선,서울,13,4513,3,10,Type 2. 생활 밀착형 활성 상권
화계,48,우이신설선,서울,13,6811,6,7,Type 2. 생활 밀착형 활성 상권
태화강,49,동해선,울산,13,7090,12,1,Type 2. 생활 밀착형 활성 상권
검바위,50,인천2호선,인천,13,4883,6,7,Type 2. 생활 밀착형 활성 상권
신포,51,수인분당선,인천,13,3070,6,7,Type 2. 생활 밀착형 활성 상권
금릉,52,경의중앙선,경기,12,8715,6,6,Type 2. 생활 밀착형 활성 상권
망월사,53,1호선,경기,12,13682,6,6,Type 2. 생활 밀착형 활성 상권
전곡,54,1호선,경기,12,2140,6,6,Type 2. 생활 밀착형 활성 상권
증산,55,부산2호선,경남,12,8609,6,6,Type 2. 생활 밀착형 활성 상권
만촌,56,대구2호선,대구,12,7983,6,6,Type 2. 생활 밀착형 활성 상권
수성구청,57,대구2호선,대구,12,10239,6,6,Type 2. 생활 밀착형 활성 상권
월촌,58,대구1호선,대구,12,7142,9,3,Type 2. 생활 밀착형 활성 상권
금련산,59,부산2호선,부산,12,16488,6,6,Type 2. 생활 밀착형 활성 상권
동의대,60,부산2호선,부산,12,9531,9,3,Type 2. 생활 밀착형 활성 상권
지게골,61,부산2호선,부산,12,5004,9,3,Type 2. 생활 밀착형 활성 상권
독립문,62,3호선,서울,12,14718,9,3,Type 2. 생활 밀착형 활성 상권
종합운동장,63,"2호선, 9호선",서울,12,27148,9,3,Type 2. 생활 밀착형 활성 상권
경인교대입구,64,인천1호선,인천,12,9420,6,6,Type 2. 생활 밀착형 활성 상권
국제업무지구,65,인천1호선,인천,12,5319,3,9,Type 2. 생활 밀착형 활성 상권
캠퍼스타운,66,인천1호선,인천,12,9382,9,3,Type 2. 생활 밀착형 활성 상권
배방,67,1호선,충남,12,2434,9,3,Type 2. 생활 밀착형 활성 상권
걸포북변,68,김포골드라인,경기,11,8741,6,5,Type 2. 생활 밀착형 활성 상권
남위례,69,8호선,경기,11,14066,6,5,Type 2. 생활 밀착형 활성 상권
둔전,70,용인경전철,경기,11,3703,6,5,Type 2. 생활 밀착형 활성 상권
매교,71,수인분당선,경기,11,9175,6,5,Type 2. 생활 밀착형 활성 상권
별내별가람,72,4호선,경기,11,11460,6,5,Type 2. 생활 밀착형 활성 상권
원당,73,3호선,경기,11,20370,6,5,Type 2. 생활 밀착형 활성 상권
원종,74,서해선,경기,11,9310,3,8,Type 2. 생활 밀착형 활성 상권
탑석,75,의정부경전철,경기,11,2887,3,8,Type 2. 생활 밀착형 활성 상권
하남풍산,76,5호선,경기,11,8657,9,2,Type 2. 생활 밀착형 활성 상권
김해시청,77,부산김해경전철,경남,11,2039,6,5,Type 2. 생활 밀착형 활성 상권
봉황,78,부산김해경전철,경남,11,3943,9,2,Type 2. 생활 밀착형 활성 상권
금남로5가,79,광주1호선,광주,11,3798,6,5,Type 2. 생활 밀착형 활성 상권
농성,80,광주1호선,광주,11,5333,6,5,Type 2. 생활 밀착형 활성 상권
각산,81,대구1호선,대구,11,7554,9,2,Type 2. 생활 밀착형 활성 상권
교대,82,대구1호선,대구,11,6701,9,2,Type 2. 생활 밀착형 활성 상권
구암,83,대구3호선,대구,11,3326,9,2,Type 2. 생활 밀착형 활성 상권
담티,84,대구2호선,대구,11,4635,9,2,Type 2. 생활 밀착형 활성 상권
청라언덕,85,"대구2호선, 대구3호선",대구,11,13333,3,8,Type 2. 생활 밀착형 활성 상권
거제,86,"동해선, 부산3호선",부산,11,15190,6,5,Type 2. 생활 밀착형 활성 상권
공항,87,부산김해경전철,부산,11,11690,9,2,Type 2. 생활 밀착형 활성 상권
괴정,88,부산1호선,부산,11,16811,6,5,Type 2. 생활 밀착형 활성 상권
가좌,89,경의중앙선,서울,11,11092,6,5,Type 2. 생활 밀착형 활성 상권
도곡,90,"3호선, 수인분당선",서울,11,24617,9,2,Type 2. 생활 밀착형 활성 상권
자양,91,7호선,서울,11,15912,6,5,Type 2. 생활 밀착형 활성 상권
정릉,92,우이신설선,서울,11,8559,3,8,Type 2. 생활 밀착형 활성 상권
한남,93,경의중앙선,서울,11,6892,6,5,Type 2. 생활 밀착형 활성 상권
도화,94,1호선,인천,11,6773,6,5,Type 2. 생활 밀착형 활성 상권
동수,95,인천1호선,인천,11,8916,6,5,Type 2. 생활 밀착형 활성 상권
석바위시장,96,인천2호선,인천,11,9438,3,8,Type 2. 생활 밀착형 활성 상권
소래포구,97,수인분당선,인천,11,8680,6,5,Type 2. 생활 밀착형 활성 상권
호구포,98,수인분당선,인천,11,7030,3,8,Type 2. 생활 밀착형 활성 상권
쌍용,99,1호선,충남,11,4067,6,5,Type 2. 생활 밀착형 활성 상권
온양온천,100,1호선,충남,11,9665,6,5,Type 2. 생활 밀착형 활성 상권
마산,101,김포골드라인,경기,10,5059,6,4,Type 2. 생활 밀착형 활성 상권
문산,102,경의중앙선,경기,10,10148,3,7,Type 2. 생활 밀착형 활성 상권
서정리,103,1호선,경기,10,14857,3,7,Type 2. 생활 밀착형 활성 상권
송산,104,의정부경전철,경기,10,4031,3,7,Type 2. 생활 밀착형 활성 상권
진접,105,4호선,경기,10,8493,6,4,Type 2. 생활 밀착형 활성 상권
행신,106,경의중앙선,경기,10,13685,6,4,Type 2. 생활 밀착형 활성 상권
부원,107,부산김해경전철,경남,10,5075,3,7,Type 2. 생활 밀착형 활성 상권
남광주,108,광주1호선,광주,10,7013,3,7,Type 2. 생활 밀착형 활성 상권
대봉교,109,대구3호선,대구,10,5014,6,4,Type 2. 생활 밀착형 활성 상권
범물,110,대구3호선,대구,10,6639,6,4,Type 2. 생활 밀착형 활성 상권
신천,111,대구1호선,대구,10,8738,9,1,Type 2. 생활 밀착형 활성 상권
임당,112,대구2호선,대구,10,5807,9,1,Type 2. 생활 밀착형 활성 상권
신흥,113,대전1호선,대전,10,3895,6,4,Type 2. 생활 밀착형 활성 상권
지족,114,대전1호선,대전,10,3986,6,4,Type 2. 생활 밀착형 활성 상권
덕두,115,부산김해경전철,부산,10,2231,6,4,Type 2. 생활 밀착형 활성 상권
안락,116,동해선,부산,10,3271,0,10,Type 2. 생활 밀착형 활성 상권
오시리아,117,동해선,부산,10,3874,9,1,Type 2. 생활 밀착형 활성 상권
금호,118,3호선,서울,10,14885,6,4,Type 2. 생활 밀착형 활성 상권
대방,119,"1호선, 신림선",서울,10,25232,6,4,Type 2. 생활 밀착형 활성 상권
둔촌오륜,120,9호선,서울,10,8373,9,1,Type 2. 생활 밀착형 활성 상권
송파,121,8호선,서울,10,18868,3,7,Type 2. 생활 밀착형 활성 상권
신금호,122,5호선,서울,10,11894,6,4,Type 2. 생활 밀착형 활성 상권
신답,123,2호선,서울,10,3392,3,7,Type 2. 생활 밀착형 활성 상권
양원,124,경의중앙선,서울,10,5375,6,4,Type 2. 생활 밀착형 활성 상권
역촌,125,6호선,서울,10,8073,3,7,Type 2. 생활 밀착형 활성 상권
월드컵경기장,126,6호선,서울,10,7907,6,4,Type 2. 생활 밀착형 활성 상권
학여울,127,3호선,서울,10,4056,6,4,Type 2. 생활 밀착형 활성 상권
마전,128,인천2호선,인천,10,6877,3,7,Type 2. 생활 밀착형 활성 상권
숭의,129,수인분당선,인천,10,7628,3,7,Type 2. 생활 밀착형 활성 상권
천안,130,1호선,충남,10,11642,6,4,Type 2. 생활 밀착형 활성 상권
구성,131,수인분당선,경기,9,13753,6,3,Type 2. 생활 밀착형 활성 상권
김량장,132,용인경전철,경기,9,3502,6,3,Type 2. 생활 밀착형 활성 상권
당정,133,1호선,경기,9,10323,3,6,Type 2. 생활 밀착형 활성 상권
별내,134,"8호선, 경춘선",경기,9,19122,3,6,Type 2. 생활 밀착형 활성 상권
석수,135,1호선,경기,9,14051,6,3,Type 2. 생활 밀착형 활성 상권
오목천,136,수인분당선,경기,9,6377,3,6,Type 2. 생활 밀착형 활성 상권
풍산,137,"경의중앙선, 서해선",경기,9,22690,6,3,Type 2. 생활 밀착형 활성 상권
하남검단산,138,5호선,경기,9,12242,3,6,Type 2. 생활 밀착형 활성 상권
남양산,139,부산2호선,경남,9,6085,6,3,Type 2. 생활 밀착형 활성 상권
남산,140,대구3호선,대구,9,4759,6,3,Type 2. 생활 밀착형 활성 상권
내당,141,대구2호선,대구,9,7290,6,3,Type 2. 생활 밀착형 활성 상권
수성구민운동장,142,대구3호선,대구,9,3083,6,3,Type 2. 생활 밀착형 활성 상권
월평,143,대전1호선,대전,9,6607,6,3,Type 2. 생활 밀착형 활성 상권
판암,144,대전1호선,대전,9,7199,6,3,Type 2. 생활 밀착형 활성 상권
냉정,145,부산2호선,부산,9,9094,3,6,Type 2. 생활 밀착형 활성 상권
물만골,146,부산3호선,부산,9,7235,3,6,Type 2. 생활 밀착형 활성 상권
부산진,147,부산1호선,부산,9,14031,3,6,Type 2. 생활 밀착형 활성 상권
서동,148,부산4호선,부산,9,4580,3,6,Type 2. 생활 밀착형 활성 상권
숙등,149,부산3호선,부산,9,8044,6,3,Type 2. 생활 밀착형 활성 상권
도림천,150,2호선,서울,9,2632,3,6,Type 2. 생활 밀착형 활성 상권
마장,151,5호선,서울,9,10578,6,3,Type 2. 생활 밀착형 활성 상권
방화,152,5호선,서울,9,12959,3,6,Type 2. 생활 밀착형 활성 상권
삼각지,153,"4호선, 6호선",서울,9,28262,3,6,Type 2. 생활 밀착형 활성 상권
서울지방병무청,154,신림선,서울,9,6552,6,3,Type 2. 생활 밀착형 활성 상권
용마산,155,7호선,서울,9,10796,3,6,Type 2. 생활 밀착형 활성 상권
잠원,156,3호선,서울,9,13169,6,3,Type 2. 생활 밀착형 활성 상권
증산,157,6호선,서울,9,8609,3,6,Type 2. 생활 밀착형 활성 상권
청구,158,"5호선, 6호선",서울,9,13342,3,6,Type 2. 생활 밀착형 활성 상권
간석오거리,159,인천1호선,인천,9,18892,3,6,Type 2. 생활 밀착형 활성 상권
부개,160,1호선,인천,9,14664,3,6,Type 2. 생활 밀착형 활성 상권
고촌,161,김포골드라인,경기,8,10196,3,5,Type 2. 생활 밀착형 활성 상권
녹양,162,1호선,경기,8,7587,3,5,Type 2. 생활 밀착형 활성 상권
동오,163,의정부경전철,경기,8,4525,0,8,Type 2. 생활 밀착형 활성 상권
세류,164,1호선,경기,8,6198,6,2,Type 2. 생활 밀착형 활성 상권
세마,165,1호선,경기,8,5962,3,5,Type 2. 생활 밀착형 활성 상권
소새울,166,서해선,경기,8,5206,3,5,Type 2. 생활 밀착형 활성 상권
송탄,167,1호선,경기,8,7920,6,2,Type 2. 생활 밀착형 활성 상권
시흥시청,168,서해선,경기,8,5862,3,5,Type 2. 생활 밀착형 활성 상권
어룡,169,의정부경전철,경기,8,4477,3,5,Type 2. 생활 밀착형 활성 상권
인제대,170,부산김해경전철,경남,8,3388,6,2,Type 2. 생활 밀착형 활성 상권
사곡,171,대경선,경북,8,3108,6,2,Type 2. 생활 밀착형 활성 상권
송정공원,172,광주1호선,광주,8,4794,3,5,Type 2. 생활 밀착형 활성 상권
동촌,173,대구1호선,대구,8,3942,6,2,Type 2. 생활 밀착형 활성 상권
반고개,174,대구2호선,대구,8,6849,3,5,Type 2. 생활 밀착형 활성 상권
북구청,175,대구3호선,대구,8,6701,6,2,Type 2. 생활 밀착형 활성 상권
설화명곡,176,대구1호선,대구,8,8432,6,2,Type 2. 생활 밀착형 활성 상권
수성시장,177,대구3호선,대구,8,5360,3,5,Type 2. 생활 밀착형 활성 상권
월배,178,대구1호선,대구,8,8170,3,5,Type 2. 생활 밀착형 활성 상권
구남,179,부산2호선,부산,8,8069,3,5,Type 2. 생활 밀착형 활성 상권
다대포해수욕장,180,부산1호선,부산,8,8372,3,5,Type 2. 생활 밀착형 활성 상권
모라,181,부산2호선,부산,8,8715,3,5,Type 2. 생활 밀착형 활성 상권
수정,182,부산2호선,부산,8,11113,3,5,Type 2. 생활 밀착형 활성 상권
신해운대,183,동해선,부산,8,4512,6,2,Type 2. 생활 밀착형 활성 상권
재송,184,동해선,부산,8,2911,3,5,Type 2. 생활 밀착형 활성 상권
대청,185,3호선,서울,8,18964,0,8,Type 2. 생활 밀착형 활성 상권
솔샘,186,우이신설선,서울,8,10705,3,5,Type 2. 생활 밀착형 활성 상권
신길,187,"1호선, 5호선",서울,8,24409,3,5,Type 2. 생활 밀착형 활성 상권
신반포,188,9호선,서울,8,8788,6,2,Type 2. 생활 밀착형 활성 상권
옥수,189,"3호선, 경의중앙선",서울,8,17208,6,2,Type 2. 생활 밀착형 활성 상권
중계,190,7호선,서울,8,25828,3,5,Type 2. 생활 밀착형 활성 상권
독정,191,인천2호선,인천,8,8211,6,2,Type 2. 생활 밀착형 활성 상권
가능,192,1호선,경기,7,11196,3,4,Type 2. 생활 밀착형 활성 상권
마석,193,경춘선,경기,7,6972,3,4,Type 2. 생활 밀착형 활성 상권
삼가,194,용인경전철,경기,7,2125,6,1,Type 2. 생활 밀착형 활성 상권
용문,195,경의중앙선,경기,7,3599,3,4,Type 2. 생활 밀착형 활성 상권
의왕,196,1호선,경기,7,16103,3,4,Type 2. 생활 밀착형 활성 상권
효자,197,의정부경전철,경기,7,1762,0,7,Type 2. 생활 밀착형 활성 상권
연지공원,198,부산김해경전철,경남,7,2397,3,4,Type 2. 생활 밀착형 활성 상권
화정,199,광주1호선,광주,7,3568,3,4,Type 2. 생활 밀착형 활성 상권
계명대,200,대구2호선,대구,7,9079,6,1,Type 2. 생활 밀착형 활성 상권
방촌,201,대구1호선,대구,7,6082,3,4,Type 2. 생활 밀착형 활성 상권
원대,202,대구3호선,대구,7,3196,6,1,Type 2. 생활 밀착형 활성 상권
율하,203,대구1호선,대구,7,7626,3,4,Type 2. 생활 밀착형 활성 상권
이곡,204,대구2호선,대구,7,6067,6,1,Type 2. 생활 밀착형 활성 상권
오룡,205,대전1호선,대전,7,7129,3,4,Type 2. 생활 밀착형 활성 상권
기장,206,동해선,부산,7,6480,0,7,Type 2. 생활 밀착형 활성 상권
당리,207,부산1호선,부산,7,12803,3,4,Type 2. 생활 밀착형 활성 상권
못골,208,부산2호선,부산,7,9728,3,4,Type 2. 생활 밀착형 활성 상권
김포공항,209,"5호선, 9호선, 공항철도, 김포골드라인, 서해선",서울,7,64149,6,1,Type 2. 생활 밀착형 활성 상권
불암산,210,4호선,서울,7,16619,3,4,Type 2. 생활 밀착형 활성 상권
양재시민의숲,211,신분당선,서울,7,22675,3,4,Type 2. 생활 밀착형 활성 상권
양천구청,212,2호선,서울,7,13096,0,7,Type 2. 생활 밀착형 활성 상권
월계,213,1호선,서울,7,10957,3,4,Type 2. 생활 밀착형 활성 상권
천왕,214,7호선,서울,7,20980,3,4,Type 2. 생활 밀착형 활성 상권
남동인더스파크,215,수인분당선,인천,7,4034,0,7,Type 2. 생활 밀착형 활성 상권
서부여성회관,216,인천2호선,인천,7,7028,0,7,Type 2. 생활 밀착형 활성 상권
신검단중앙,217,인천1호선,인천,7,9510,3,4,Type 2. 생활 밀착형 활성 상권
봉명,218,1호선,충남,7,2361,3,4,Type 2. 생활 밀착형 활성 상권
아산,219,1호선,충남,7,6762,6,1,Type 2. 생활 밀착형 활성 상권
과천,220,4호선,경기,6,9324,3,3,Type 2. 생활 밀착형 활성 상권
남한산성입구,221,8호선,경기,6,21388,0,6,Type 2. 생활 밀착형 활성 상권
덕소,222,경의중앙선,경기,6,9852,0,6,Type 2. 생활 밀착형 활성 상권
도심,223,경의중앙선,경기,6,4501,3,3,Type 2. 생활 밀착형 활성 상권
동백,224,용인경전철,경기,6,6043,0,6,Type 2. 생활 밀착형 활성 상권
사리,225,수인분당선,경기,6,8279,0,6,Type 2. 생활 밀착형 활성 상권
시흥대야,226,서해선,경기,6,5974,0,6,Type 2. 생활 밀착형 활성 상권
신갈,227,수인분당선,경기,6,8569,3,3,Type 2. 생활 밀착형 활성 상권
양수,228,경의중앙선,경기,6,2854,6,0,Type 2. 생활 밀착형 활성 상권
양촌,229,김포골드라인,경기,6,723,3,3,Type 2. 생활 밀착형 활성 상권
의정부시청,230,의정부경전철,경기,6,3323,0,6,Type 2. 생활 밀착형 활성 상권
이매,231,"경강선, 수인분당선",경기,6,11507,3,3,Type 2. 생활 밀착형 활성 상권
청명,232,수인분당선,경기,6,8195,3,3,Type 2. 생활 밀착형 활성 상권
경산,233,대경선,경북,6,4014,3,3,Type 2. 생활 밀착형 활성 상권
쌍촌,234,광주1호선,광주,6,4358,3,3,Type 2. 생활 밀착형 활성 상권
강창,235,대구2호선,대구,6,10131,3,3,Type 2. 생활 밀착형 활성 상권
용산,236,대구2호선,대구,6,12152,3,3,Type 2. 생활 밀착형 활성 상권
칠곡운암,237,대구3호선,대구,6,6543,3,3,Type 2. 생활 밀착형 활성 상권
화원,238,대구1호선,대구,6,7515,3,3,Type 2. 생활 밀착형 활성 상권
강서구청,239,부산3호선,부산,6,5129,3,3,Type 2. 생활 밀착형 활성 상권
구명,240,부산2호선,부산,6,5677,3,3,Type 2. 생활 밀착형 활성 상권
낙민,241,부산4호선,부산,6,3001,0,6,Type 2. 생활 밀착형 활성 상권
노포,242,부산1호선,부산,6,19482,6,0,Type 2. 생활 밀착형 활성 상권
대티,243,부산1호선,부산,6,7274,3,3,Type 2. 생활 밀착형 활성 상권
덕포,244,부산2호선,부산,6,8679,0,6,Type 2. 생활 밀착형 활성 상권
부암,245,부산2호선,부산,6,11979,3,3,Type 2. 생활 밀착형 활성 상권
신평,246,부산1호선,부산,6,12416,0,6,Type 2. 생활 밀착형 활성 상권
충렬사,247,부산4호선,부산,6,6649,0,6,Type 2. 생활 밀착형 활성 상권
개포동,248,수인분당선,서울,6,8018,3,3,Type 2. 생활 밀착형 활성 상권
구룡,249,수인분당선,서울,6,6198,6,0,Type 2. 생활 밀착형 활성 상권
대모산입구,250,수인분당선,서울,6,10435,0,6,Type 2. 생활 밀착형 활성 상권
무악재,251,3호선,서울,6,7928,3,3,Type 2. 생활 밀착형 활성 상권
삼양,252,우이신설선,서울,6,4824,0,6,Type 2. 생활 밀착형 활성 상권
솔밭공원,253,우이신설선,서울,6,4794,3,3,Type 2. 생활 밀착형 활성 상권
신내,254,"6호선, 경춘선",서울,6,5034,0,6,Type 2. 생활 밀착형 활성 상권
온수,255,"1호선, 7호선",서울,6,26352,3,3,Type 2. 생활 밀착형 활성 상권
올림픽공원,256,"5호선, 9호선",서울,6,25779,3,3,Type 2. 생활 밀착형 활성 상권
일원,257,3호선,서울,6,20726,6,0,Type 2. 생활 밀착형 활성 상권
만수,258,인천2호선,인천,6,8410,0,6,Type 2. 생활 밀착형 활성 상권
송도달빛축제공원,259,인천1호선,인천,6,7996,0,6,Type 2. 생활 밀착형 활성 상권
인천공항1터미널,260,공항철도,인천,6,27320,6,0,Type 2. 생활 밀착형 활성 상권
백마,261,"경의중앙선, 서해선",경기,5,25910,3,2,Type 2. 생활 밀착형 활성 상권
새말,262,의정부경전철,경기,5,3021,0,5,Type 2. 생활 밀착형 활성 상권
초월,263,경강선,경기,5,6559,3,2,Type 2. 생활 밀착형 활성 상권
퇴계원,264,경춘선,경기,5,5844,0,5,Type 2. 생활 밀착형 활성 상권
가야대,265,부산김해경전철,경남,5,4128,0,5,Type 2. 생활 밀착형 활성 상권
왜관,266,대경선,경북,5,2821,0,5,Type 2. 생활 밀착형 활성 상권
양동시장,267,광주1호선,광주,5,4219,0,5,Type 2. 생활 밀착형 활성 상권
건들바위,268,대구3호선,대구,5,3229,3,2,Type 2. 생활 밀착형 활성 상권
대곡,269,대구1호선,대구,5,8014,3,2,Type 2. 생활 밀착형 활성 상권
매천,270,대구3호선,대구,5,3441,3,2,Type 2. 생활 밀착형 활성 상권
반야월,271,대구1호선,대구,5,5100,3,2,Type 2. 생활 밀착형 활성 상권
팔달시장,272,대구3호선,대구,5,4064,3,2,Type 2. 생활 밀착형 활성 상권
대동,273,대전1호선,대전,5,6646,3,2,Type 2. 생활 밀착형 활성 상권
남산,274,부산1호선,부산,5,9722,3,2,Type 2. 생활 밀착형 활성 상권
낫개,275,부산1호선,부산,5,9401,3,2,Type 2. 생활 밀착형 활성 상권
다대포항,276,부산1호선,부산,5,6971,3,2,Type 2. 생활 밀착형 활성 상권
두실,277,부산1호선,부산,5,12402,0,5,Type 2. 생활 밀착형 활성 상권
부산원동,278,동해선,부산,5,3565,0,5,Type 2. 생활 밀착형 활성 상권
가오리,279,우이신설선,서울,5,8138,0,5,Type 2. 생활 밀착형 활성 상권
녹사평,280,6호선,서울,5,10076,3,2,Type 2. 생활 밀착형 활성 상권
녹천,281,1호선,서울,5,7417,3,2,Type 2. 생활 밀착형 활성 상권
도봉산,282,"1호선, 7호선",서울,5,27942,3,2,Type 2. 생활 밀착형 활성 상권
마천,283,5호선,서울,5,12841,0,5,Type 2. 생활 밀착형 활성 상권
신이문,284,1호선,서울,5,14995,0,5,Type 2. 생활 밀착형 활성 상권
청계산입구,285,신분당선,서울,5,8323,3,2,Type 2. 생활 밀착형 활성 상권
남동구청,286,인천2호선,인천,5,7135,0,5,Type 2. 생활 밀착형 활성 상권
선학,287,인천1호선,인천,5,10363,0,5,Type 2. 생활 밀착형 활성 상권
인천,288,"1호선, 수인분당선",인천,5,7924,0,5,Type 2. 생활 밀착형 활성 상권
가평,289,경춘선,경기,4,3325,3,1,Type 2. 생활 밀착형 활성 상권
곤제,290,의정부경전철,경기,4,2430,0,4,Type 2. 생활 밀착형 활성 상권
덕정,291,1호선,경기,4,10108,0,4,Type 2. 생활 밀착형 활성 상권
동두천중앙,292,1호선,경기,4,4971,0,4,Type 2. 생활 밀착형 활성 상권
서동탄,293,1호선,경기,4,2390,3,1,Type 2. 생활 밀착형 활성 상권
어정,294,용인경전철,경기,4,2923,3,1,Type 2. 생활 밀착형 활성 상권
연천,295,1호선,경기,4,1660,0,4,Type 2. 생활 밀착형 활성 상권
정왕,296,"4호선, 수인분당선",경기,4,32002,0,4,Type 2. 생활 밀착형 활성 상권
초지,297,"4호선, 서해선, 수인분당선",경기,4,25722,0,4,Type 2. 생활 밀착형 활성 상권
흥선,298,의정부경전철,경기,4,4295,0,4,Type 2. 생활 밀착형 활성 상권
불암,299,부산김해경전철,경남,4,1037,3,1,Type 2. 생활 밀착형 활성 상권
도산,300,광주1호선,광주,4,2875,3,1,Type 2. 생활 밀착형 활성 상권
송현,301,대구1호선,대구,4,6341,0,4,Type 2. 생활 밀착형 활성 상권
안지랑,302,대구1호선,대구,4,6903,3,1,Type 2. 생활 밀착형 활성 상권
칠곡경대병원,303,대구3호선,대구,4,2170,3,1,Type 2. 생활 밀착형 활성 상권
현충로,304,대구1호선,대구,4,5412,3,1,Type 2. 생활 밀착형 활성 상권
거제해맞이,305,동해선,부산,4,2140,0,4,Type 2. 생활 밀착형 활성 상권
동매,306,부산1호선,부산,4,7703,0,4,Type 2. 생활 밀착형 활성 상권
명장,307,부산4호선,부산,4,5616,0,4,Type 2. 생활 밀착형 활성 상권
범어사,308,부산1호선,부산,4,13587,0,4,Type 2. 생활 밀착형 활성 상권
사하,309,부산1호선,부산,4,8118,0,4,Type 2. 생활 밀착형 활성 상권
신장림,310,부산1호선,부산,4,6300,0,4,Type 2. 생활 밀착형 활성 상권
율리,311,부산2호선,부산,4,8142,0,4,Type 2. 생활 밀착형 활성 상권
강일,312,5호선,서울,4,10954,3,1,Type 2. 생활 밀착형 활성 상권
도봉,313,1호선,서울,4,10497,0,4,Type 2. 생활 밀착형 활성 상권
봉화산,314,6호선,서울,4,15206,0,4,Type 2. 생활 밀착형 활성 상권
북한산보국문,315,우이신설선,서울,4,11256,0,4,Type 2. 생활 밀착형 활성 상권
북한산우이,316,우이신설선,서울,4,5002,3,1,Type 2. 생활 밀착형 활성 상권
상월곡,317,6호선,서울,4,11085,0,4,Type 2. 생활 밀착형 활성 상권
신목동,318,9호선,서울,4,7993,3,1,Type 2. 생활 밀착형 활성 상권
귤현,319,인천1호선,인천,4,1883,3,1,Type 2. 생활 밀착형 활성 상권
박촌,320,인천1호선,인천,4,6481,0,4,Type 2. 생활 밀착형 활성 상권
아시아드경기장,321,인천2호선,인천,4,7214,0,4,Type 2. 생활 밀착형 활성 상권
인천가좌,322,인천2호선,인천,4,6966,0,4,Type 2. 생활 밀착형 활성 상권
지식정보단지,323,인천1호선,인천,4,8044,0,4,Type 2. 생활 밀착형 활성 상권
성환,324,1호선,충남,4,6827,0,4,Type 2. 생활 밀착형 활성 상권
고진,325,용인경전철,경기,3,2027,0,3,Type 2. 생활 밀착형 활성 상권
금곡,326,경춘선,경기,3,4113,0,3,Type 2. 생활 밀착형 활성 상권
명지대,327,용인경전철,경기,3,3861,0,3,Type 2. 생활 밀착형 활성 상권
사릉,328,경춘선,경기,3,3553,3,0,Type 2. 생활 밀착형 활성 상권
성남,329,경강선,경기,3,2379,3,0,Type 2. 생활 밀착형 활성 상권
시우,330,서해선,경기,3,1908,0,3,Type 2. 생활 밀착형 활성 상권
야목,331,수인분당선,경기,3,1171,3,0,Type 2. 생활 밀착형 활성 상권
오남,332,4호선,경기,3,9500,0,3,Type 2. 생활 밀착형 활성 상권
원시,333,서해선,경기,3,3778,0,3,Type 2. 생활 밀착형 활성 상권
이천,334,경강선,경기,3,5664,3,0,Type 2. 생활 밀착형 활성 상권
전대·에버랜드,335,용인경전철,경기,3,2272,0,3,Type 2. 생활 밀착형 활성 상권
고산,336,대구2호선,대구,3,4642,0,3,Type 2. 생활 밀착형 활성 상권
공단,337,대구3호선,대구,3,2136,3,0,Type 2. 생활 밀착형 활성 상권
다사,338,대구2호선,대구,3,6225,0,3,Type 2. 생활 밀착형 활성 상권
대명,339,대구1호선,대구,3,7711,3,0,Type 2. 생활 밀착형 활성 상권
용지,340,대구3호선,대구,3,3617,3,0,Type 2. 생활 밀착형 활성 상권
구암,341,대전1호선,대전,3,5355,3,0,Type 2. 생활 밀착형 활성 상권
금곡,342,부산2호선,부산,3,4113,0,3,Type 2. 생활 밀착형 활성 상권
동원,343,부산2호선,부산,3,2801,3,0,Type 2. 생활 밀착형 활성 상권
망미,344,부산3호선,부산,3,8803,0,3,Type 2. 생활 밀착형 활성 상권
민락,345,부산2호선,부산,3,6894,0,3,Type 2. 생활 밀착형 활성 상권
일광,346,동해선,부산,3,4923,0,3,Type 2. 생활 밀착형 활성 상권
구반포,347,9호선,서울,3,3765,3,0,Type 2. 생활 밀착형 활성 상권
암사역사공원,348,8호선,서울,3,11743,0,3,Type 2. 생활 밀착형 활성 상권
오금,349,"3호선, 5호선",서울,3,18383,0,3,Type 2. 생활 밀착형 활성 상권
중앙보훈병원,350,9호선,서울,3,21602,0,3,Type 2. 생활 밀착형 활성 상권
도원,351,1호선,인천,3,5439,0,3,Type 2. 생활 밀착형 활성 상권
백운,352,1호선,인천,3,12210,0,3,Type 2. 생활 밀착형 활성 상권
부평삼거리,353,인천1호선,인천,3,4154,3,0,Type 2. 생활 밀착형 활성 상권
삼산체육관,354,7호선,인천,3,11338,0,3,Type 2. 생활 밀착형 활성 상권
왕길,355,인천2호선,인천,3,4046,0,3,Type 2. 생활 밀착형 활성 상권
춘천,356,경춘선,강원,2,2353,0,2,Type 2. 생활 밀착형 활성 상권
경기광주,357,경강선,경기,2,14376,0,2,Type 2. 생활 밀착형 활성 상권
고색,358,수인분당선,경기,2,9643,0,2,Type 2. 생활 밀착형 활성 상권
곤지암,359,경강선,경기,2,4094,0,2,Type 2. 생활 밀착형 활성 상권
대야미,360,4호선,경기,2,8548,0,2,Type 2. 생활 밀착형 활성 상권
반월,361,4호선,경기,2,7827,0,2,Type 2. 생활 밀착형 활성 상권
보산,362,1호선,경기,2,2667,0,2,Type 2. 생활 밀착형 활성 상권
보정,363,수인분당선,경기,2,4237,0,2,Type 2. 생활 밀착형 활성 상권
보평,364,용인경전철,경기,2,2314,0,2,Type 2. 생활 밀착형 활성 상권
산성,365,8호선,경기,2,11455,0,2,Type 2. 생활 밀착형 활성 상권
삼동,366,경강선,경기,2,4126,0,2,Type 2. 생활 밀착형 활성 상권
상갈,367,수인분당선,경기,2,9003,0,2,Type 2. 생활 밀착형 활성 상권
수리산,368,4호선,경기,2,6572,0,2,Type 2. 생활 밀착형 활성 상권
신현,369,서해선,경기,2,2698,0,2,Type 2. 생활 밀착형 활성 상권
평택지제,370,1호선,경기,2,7994,0,2,Type 2. 생활 밀착형 활성 상권
김대중컨벤션센터,371,광주1호선,광주,2,2318,0,2,Type 2. 생활 밀착형 활성 상권
달성공원,372,대구3호선,대구,2,5062,0,2,Type 2. 생활 밀착형 활성 상권
정평,373,대구2호선,대구,2,7972,0,2,Type 2. 생활 밀착형 활성 상권
갑천,374,대전1호선,대전,2,1920,0,2,Type 2. 생활 밀착형 활성 상권
가야,375,부산2호선,부산,2,6765,0,2,Type 2. 생활 밀착형 활성 상권
감전,376,부산2호선,부산,2,7698,0,2,Type 2. 생활 밀착형 활성 상권
구포,377,부산3호선,부산,2,6221,0,2,Type 2. 생활 밀착형 활성 상권
금사,378,부산4호선,부산,2,3187,0,2,Type 2. 생활 밀착형 활성 상권
모덕,379,부산2호선,부산,2,3845,0,2,Type 2. 생활 밀착형 활성 상권
서부산유통지구,380,부산김해경전철,부산,2,2678,0,2,Type 2. 생활 밀착형 활성 상권
영산대,381,부산4호선,부산,2,4619,0,2,Type 2. 생활 밀착형 활성 상권
좌천,382,"동해선, 부산1호선",부산,2,10429,0,2,Type 2. 생활 밀착형 활성 상권
평강,383,부산김해경전철,부산,2,692,0,2,Type 2. 생활 밀착형 활성 상권
남창,384,동해선,울산,2,2316,0,2,Type 2. 생활 밀착형 활성 상권
가재울,385,인천2호선,인천,2,6737,0,2,Type 2. 생활 밀착형 활성 상권
신연수,386,인천1호선,인천,2,8656,0,2,Type 2. 생활 밀착형 활성 상권
김유정,387,경춘선,강원,1,667,0,1,Type 2. 생활 밀착형 활성 상권
능곡,388,"경의중앙선, 서해선",경기,1,15322,0,1,Type 2. 생활 밀착형 활성 상권
매탄권선,389,수인분당선,경기,1,9522,0,1,Type 2. 생활 밀착형 활성 상권
소요산,390,1호선,경기,1,3110,0,1,Type 2. 생활 밀착형 활성 상권
시청·용인대,391,용인경전철,경기,1,3355,0,1,Type 2. 생활 밀착형 활성 상권
신둔도예촌,392,경강선,경기,1,2577,0,1,Type 2. 생활 밀착형 활성 상권
양주,393,1호선,경기,1,12163,0,1,Type 2. 생활 밀착형 활성 상권
월롱,394,경의중앙선,경기,1,3124,0,1,Type 2. 생활 밀착형 활성 상권
장암,395,7호선,경기,1,3375,0,1,Type 2. 생활 밀착형 활성 상권
지석,396,용인경전철,경기,1,2330,0,1,Type 2. 생활 밀착형 활성 상권
초당,397,용인경전철,경기,1,2014,0,1,Type 2. 생활 밀착형 활성 상권
파주,398,경의중앙선,경기,1,1748,0,1,Type 2. 생활 밀착형 활성 상권
팔당,399,경의중앙선,경기,1,1386,0,1,Type 2. 생활 밀착형 활성 상권
김해대학,400,부산김해경전철,경남,1,1868,0,1,Type 2. 생활 밀착형 활성 상권
부산대양산캠퍼스,401,부산2호선,경남,1,3183,0,1,Type 2. 생활 밀착형 활성 상권
지내,402,부산김해경전철,경남,1,2034,0,1,Type 2. 생활 밀착형 활성 상권
녹동,403,광주1호선,광주,1,282,0,1,Type 2. 생활 밀착형 활성 상권
돌고개,404,광주1호선,광주,1,3439,0,1,Type 2. 생활 밀착형 활성 상권
소태,405,광주1호선,광주,1,4002,0,1,Type 2. 생활 밀착형 활성 상권
평동,406,광주1호선,광주,1,3750,0,1,Type 2. 생활 밀착형 활성 상권
대구한의대병원,407,대구1호선,대구,1,1369,0,1,Type 2. 생활 밀착형 활성 상권
동구청,408,대구1호선,대구,1,5877,0,1,Type 2. 생활 밀착형 활성 상권
매천시장,409,대구3호선,대구,1,2716,0,1,Type 2. 생활 밀착형 활성 상권
서대구,410,대경선,대구,1,1893,0,1,Type 2. 생활 밀착형 활성 상권
아양교,411,대구1호선,대구,1,8207,0,1,Type 2. 생활 밀착형 활성 상권
지산,412,대구3호선,대구,1,3802,0,1,Type 2. 생활 밀착형 활성 상권
태전,413,대구3호선,대구,1,3572,0,1,Type 2. 생활 밀착형 활성 상권
학정,414,대구3호선,대구,1,698,0,1,Type 2. 생활 밀착형 활성 상권
현충원,415,대전1호선,대전,1,3358,0,1,Type 2. 생활 밀착형 활성 상권
남산정,416,부산3호선,부산,1,8566,0,1,Type 2. 생활 밀착형 활성 상권
대저,417,"부산3호선, 부산김해경전철",부산,1,26823,0,1,Type 2. 생활 밀착형 활성 상권
배산,418,부산3호선,부산,1,8282,0,1,Type 2. 생활 밀착형 활성 상권
안평,419,부산4호선,부산,1,3453,0,1,Type 2. 생활 밀착형 활성 상권
윗반송,420,부산4호선,부산,1,4501,0,1,Type 2. 생활 밀착형 활성 상권
노들,421,9호선,서울,1,8401,0,1,Type 2. 생활 밀착형 활성 상권
독바위,422,6호선,서울,1,5083,0,1,Type 2. 생활 밀착형 활성 상권
응봉,423,경의중앙선,서울,1,3046,0,1,Type 2. 생활 밀착형 활성 상권
창신,424,6호선,서울,1,5881,0,1,Type 2. 생활 밀착형 활성 상권
한강진,425,6호선,서울,1,19550,0,1,Type 2. 생활 밀착형 활성 상권
덕하,426,동해선,울산,1,953,0,1,Type 2. 생활 밀착형 활성 상권
동막,427,인천1호선,인천,1,8251,0,1,Type 2. 생활 밀착형 활성 상권
송도,428,수인분당선,인천,1,4352,0,1,Type 2. 생활 밀착형 활성 상권
인천대공원,429,인천2호선,인천,1,3803,0,1,Type 2. 생활 밀착형 활성 상권
강촌,430,경춘선,강원,0,638,0,0,Type 2. 생활 밀착형 활성 상권
굴봉산,431,경춘선,강원,0,205,0,0,Type 2. 생활 밀착형 활성 상권
백양리,432,경춘선,강원,0,652,0,0,Type 2. 생활 밀착형 활성 상권
강매,433,경의중앙선,경기,0,5368,0,0,Type 2. 생활 밀착형 활성 상권
경마공원,434,4호선,경기,0,10410,0,0,Type 2. 생활 밀착형 활성 상권
곡산,435,"경의중앙선, 서해선",경기,0,1932,0,0,Type 2. 생활 밀착형 활성 상권
관악,436,1호선,경기,0,12650,0,0,Type 2. 생활 밀착형 활성 상권
국수,437,경의중앙선,경기,0,1148,0,0,Type 2. 생활 밀착형 활성 상권
까치울,438,7호선,경기,0,11360,0,0,Type 2. 생활 밀착형 활성 상권
달미,439,서해선,경기,0,2835,0,0,Type 2. 생활 밀착형 활성 상권
달월,440,수인분당선,경기,0,137,0,0,Type 2. 생활 밀착형 활성 상권
대곡,441,"3호선, 경의중앙선, 서해선",경기,0,56739,0,0,Type 2. 생활 밀착형 활성 상권
대공원,442,4호선,경기,0,4622,0,0,Type 2. 생활 밀착형 활성 상권
대성리,443,경춘선,경기,0,1008,0,0,Type 2. 생활 밀착형 활성 상권
동두천,444,1호선,경기,0,2835,0,0,Type 2. 생활 밀착형 활성 상권
부발,445,경강선,경기,0,4414,0,0,Type 2. 생활 밀착형 활성 상권
부천종합운동장,446,"7호선, 서해선",경기,0,10293,0,0,Type 2. 생활 밀착형 활성 상권
상천,447,경춘선,경기,0,385,0,0,Type 2. 생활 밀착형 활성 상권
선바위,448,4호선,경기,0,12631,0,0,Type 2. 생활 밀착형 활성 상권
세종대왕릉,449,경강선,경기,0,588,0,0,Type 2. 생활 밀착형 활성 상권
신원,450,경의중앙선,경기,0,265,0,0,Type 2. 생활 밀착형 활성 상권
아신,451,경의중앙선,경기,0,910,0,0,Type 2. 생활 밀착형 활성 상권
양정,452,경의중앙선,경기,0,24097,0,0,Type 2. 생활 밀착형 활성 상권
어천,453,수인분당선,경기,0,2613,0,0,Type 2. 생활 밀착형 활성 상권
여주,454,경강선,경기,0,5389,0,0,Type 2. 생활 밀착형 활성 상권
오빈,455,경의중앙선,경기,0,522,0,0,Type 2. 생활 밀착형 활성 상권
오이도,456,"4호선, 수인분당선",경기,0,26612,0,0,Type 2. 생활 밀착형 활성 상권
운길산,457,경의중앙선,경기,0,927,0,0,Type 2. 생활 밀착형 활성 상권
원덕,458,경의중앙선,경기,0,563,0,0,Type 2. 생활 밀착형 활성 상권
진위,459,1호선,경기,0,2714,0,0,Type 2. 생활 밀착형 활성 상권
천마산,460,경춘선,경기,0,2738,0,0,Type 2. 생활 밀착형 활성 상권
청산,461,1호선,경기,0,241,0,0,Type 2. 생활 밀착형 활성 상권
청평,462,경춘선,경기,0,3012,0,0,Type 2. 생활 밀착형 활성 상권
한국항공대,463,경의중앙선,경기,0,2991,0,0,Type 2. 생활 밀착형 활성 상권
호포,464,부산2호선,경남,0,2299,0,0,Type 2. 생활 밀착형 활성 상권
공항,465,광주1호선,광주,0,1915,0,0,Type 2. 생활 밀착형 활성 상권
동천,466,대구3호선,대구,0,3729,0,0,Type 2. 생활 밀착형 활성 상권
만평,467,대구3호선,대구,0,2408,0,0,Type 2. 생활 밀착형 활성 상권
문양,468,대구2호선,대구,0,4346,0,0,Type 2. 생활 밀착형 활성 상권
부호,469,대구1호선,대구,0,1954,0,0,Type 2. 생활 밀착형 활성 상권
신기,470,대구1호선,대구,0,6663,0,0,Type 2. 생활 밀착형 활성 상권
안심,471,대구1호선,대구,0,6471,0,0,Type 2. 생활 밀착형 활성 상권
연호,472,대구2호선,대구,0,1001,0,0,Type 2. 생활 밀착형 활성 상권
용계,473,대구1호선,대구,0,3505,0,0,Type 2. 생활 밀착형 활성 상권
팔달,474,대구3호선,대구,0,1916,0,0,Type 2. 생활 밀착형 활성 상권
해안,475,대구1호선,대구,0,4411,0,0,Type 2. 생활 밀착형 활성 상권
월드컵경기장,476,대전1호선,대전,0,4562,0,0,Type 2. 생활 밀착형 활성 상권
고촌,477,부산4호선,부산,0,946,0,0,Type 2. 생활 밀착형 활성 상권
대사,478,부산김해경전철,부산,0,868,0,0,Type 2. 생활 밀착형 활성 상권
등구,479,부산김해경전철,부산,0,409,0,0,Type 2. 생활 밀착형 활성 상권
반여농산물시장,480,부산4호선,부산,0,3264,0,0,Type 2. 생활 밀착형 활성 상권
석대,481,부산4호선,부산,0,211,0,0,Type 2. 생활 밀착형 활성 상권
송정,482,동해선,부산,0,2927,0,0,Type 2. 생활 밀착형 활성 상권
월내,483,동해선,부산,0,1173,0,0,Type 2. 생활 밀착형 활성 상권
체육공원,484,부산3호선,부산,0,1860,0,0,Type 2. 생활 밀착형 활성 상권
개화,485,9호선,서울,0,3758,0,0,Type 2. 생활 밀착형 활성 상권
남태령,486,4호선,서울,0,2355,0,0,Type 2. 생활 밀착형 활성 상권
동작,487,"4호선, 9호선",서울,0,7032,0,0,Type 2. 생활 밀착형 활성 상권
버티고개,488,6호선,서울,0,4210,0,0,Type 2. 생활 밀착형 활성 상권
복정,489,"8호선, 수인분당선",서울,0,16105,0,0,Type 2. 생활 밀착형 활성 상권
서빙고,490,경의중앙선,서울,0,4117,0,0,Type 2. 생활 밀착형 활성 상권
개운포,491,동해선,울산,0,422,0,0,Type 2. 생활 밀착형 활성 상권
망양,492,동해선,울산,0,528,0,0,Type 2. 생활 밀착형 활성 상권
서생,493,동해선,울산,0,1037,0,0,Type 2. 생활 밀착형 활성 상권
검단오류,494,인천2호선,인천,0,4540,0,0,Type 2. 생활 밀착형 활성 상권
검단호수공원,495,인천1호선,인천,0,1240,0,0,Type 2. 생활 밀착형 활성 상권
계양,496,"공항철도, 인천1호선",인천,0,21091,0,0,Type 2. 생활 밀착형 활성 상권
공항화물청사,497,공항철도,인천,0,3958,0,0,Type 2. 생활 밀착형 활성 상권
문학경기장,498,인천1호선,인천,0,2901,0,0,Type 2. 생활 밀착형 활성 상권
영종,499,공항철도,인천,0,8487,0,0,Type 2. 생활 밀착형 활성 상권
운연,500,인천2호선,인천,0,1965,0,0,Type 2. 생활 밀착형 활성 상권
원인재,501,"수인분당선, 인천1호선",인천,0,12643,0,0,Type 2. 생활 밀착형 활성 상권
주안국가산단,502,인천2호선,인천,0,4307,0,0,Type 2. 생활 밀착형 활성 상권
청라국제도시,503,공항철도,인천,0,13840,0,0,Type 2. 생활 밀착형 활성 상권
신창,504,1호선,충남,0,1996,0,0,Type 2. 생활 밀착형 활성 상권
직산,505,1호선,충남,0,1816,0,0,Type 2. 생활 밀착형 활성 상권
경성대·부경대,1,부산2호선,부산,36,0,21,15,Type 3. 저밀도 주거/교외 상권
서부정류장,2,대구1호선,대구,9,0,6,3,Type 3. 저밀도 주거/교외 상권
수성못,3,대구3호선,대구,9,0,9,0,Type 3. 저밀도 주거/교외 상권
칠성시장,4,대구1호선,대구,7,0,3,4,Type 3. 저밀도 주거/교외 상권
서문시장,5,대구3호선,대구,5,0,3,2,Type 3. 저밀도 주거/교외 상권
어린이세상,6,대구3호선,대구,4,0,3,1,Type 3. 저밀도 주거/교외 상권
학동증심사입구,7,광주1호선,광주,3,0,0,3,Type 3. 저밀도 주거/교외 상권
능길,8,"4호선, 수인분당선",경기,0,0,0,0,Type 3. 저밀도 주거/교외 상권
운천,9,경의중앙선,경기,0,9,0,0,Type 3. 저밀도 주거/교외 상권
임진강,10,경의중앙선,경기,0,25,0,0,Type 3. 저밀도 주거/교외 상권
지평,11,경의중앙선,경기,0,86,0,0,Type 3. 저밀도 주거/교외 상권
북삼,12,대경선,경북,0,0,0,0,Type 3. 저밀도 주거/교외 상권
수성알파시티,13,대구2호선,대구,0,0,0,0,Type 3. 저밀도 주거/교외 상권
