역명,지역명,상권_ID,클러스터
백양리,강원,8830e1a84dfffff,1
춘천,강원,8830e1af1bfffff,0
김유정,강원,8830e1ad63fffff,0
남춘천,강원,8830e1ac61fffff,0
굴봉산,강원,8830e1ab57fffff,1
강촌,강원,8830e1a837fffff,1
시우,경기,8830e0313bfffff,2
안산,경기,8830e03119fffff,2
시흥시청,경기,8830e03053fffff,2
임진강,경기,8830e57ab5fffff,1
달미,경기,8830e0303dfffff,1
시흥능곡,경기,8830e0301dfffff,2
영통,경기,8830e02ed7fffff,0
매탄권선,경기,8830e02ec1fffff,2
망포,경기,8830e02e89fffff,0
고색,경기,8830e02e4dfffff,2
세류,경기,8830e02e1dfffff,0
원시,경기,8830e0313dfffff,2
능길,경기,8830e0315dfffff,1
한대앞,경기,8830e031b3fffff,0
고잔,경기,8830e0318dfffff,2
오산대,경기,8830e02dddfffff,0
선부,경기,8830e031c9fffff,0
초지,경기,8830e031e9fffff,2
신현,경기,8830e03217fffff,2
월곶,경기,8830e03265fffff,2
정왕,경기,8830e03305fffff,2
오이도,경기,8830e03309fffff,1
달월,경기,8830e03351fffff,1
안양,경기,8830e03429fffff,0
관악,경기,8830e03445fffff,2
중앙,경기,8830e03183fffff,0
정부과천청사,경기,8830e0348bfffff,0
오산,경기,8830e02d8dfffff,2
서동탄,경기,8830e02c1dfffff,0
연천,경기,8830e52d65fffff,2
화서,경기,8830e02095fffff,0
수원,경기,8830e020b3fffff,3
성균관대,경기,8830e020ddfffff,0
어천,경기,8830e02153fffff,1
오목천,경기,8830e0219dfffff,2
반월,경기,8830e02231fffff,2
의왕,경기,8830e02287fffff,2
대야미,경기,8830e022c5fffff,2
당정,경기,8830e022d3fffff,2
군포,경기,8830e022dbfffff,2
야목,경기,8830e02331fffff,3
상록수,경기,8830e0235bfffff,0
사리,경기,8830e0235dfffff,2
병점,경기,8830e02c43fffff,2
광교,경기,8830e02425fffff,0
오리,경기,8830e0248bfffff,0
보정,경기,8830e024a1fffff,2
죽전,경기,8830e024abfffff,3
미금,경기,8830e024d1fffff,0
수지구청,경기,8830e024e3fffff,0
광교중앙,경기,8830e02517fffff,0
수원시청,경기,8830e02521fffff,0
매교,경기,8830e0252dfffff,2
신갈,경기,8830e02597fffff,0
구성,경기,8830e0259bfffff,0
청명,경기,8830e025a5fffff,0
상현,경기,8830e025c1fffff,0
성복,경기,8830e025d9fffff,2
세마,경기,8830e02c07fffff,2
동천,경기,8830e02489fffff,0
과천,경기,8830e03499fffff,0
수리산,경기,8830e03535fffff,2
인덕원,경기,8830e034adfffff,0
원종,경기,8830e0ac59fffff,2
부천종합운동장,경기,8830e0ac47fffff,1
춘의,경기,8830e0ac45fffff,2
역곡,경기,8830e0ac2bfffff,2
까치울,경기,8830e0ac0bfffff,2
정발산,경기,8830e0a753fffff,0
마두,경기,8830e0a719fffff,0
백석,경기,8830e0a713fffff,0
일산,경기,8830e0a66bfffff,0
주엽,경기,8830e0a665fffff,0
장기,경기,8830e0a219fffff,0
탄현,경기,8830e0a64dfffff,3
마산,경기,8830e0a243fffff,0
걸포북변,경기,8830e0a28dfffff,0
풍무,경기,8830e0a2b7fffff,0
사우,경기,8830e0a2bdfffff,0
풍산,경기,8830e0a62bfffff,0
강매,경기,8830e0a5ddfffff,1
행신,경기,8830e0a5c9fffff,0
원당,경기,8830e0a41bfffff,0
능곡,경기,8830e0a421fffff,2
화정,경기,8830e0a439fffff,0
곡산,경기,8830e0a445fffff,1
백마,경기,8830e0a449fffff,0
대곡,경기,8830e0a463fffff,1
원흥,경기,8830e0a489fffff,0
삼송,경기,8830e0a49bfffff,0
소사,경기,8830e0ac67fffff,0
철산,경기,8830e0aca7fffff,0
광명사거리,경기,8830e0acadfffff,0
운천,경기,8830e578d7fffff,1
산본,경기,8830e03533fffff,0
한국항공대,경기,8830e0a591fffff,1
범계,경기,8830e035cbfffff,0
명학,경기,8830e035cdfffff,0
평촌,경기,8830e035d1fffff,0
금정,경기,8830e035ebfffff,0
송탄,경기,8830e392a7fffff,0
진위,경기,8830e3929dfffff,1
석수,경기,8830e03627fffff,0
평택지제,경기,8830e3919dfffff,0
서정리,경기,8830e39017fffff,2
평택,경기,8830e38359fffff,0
대화,경기,8830e0b5b9fffff,0
대공원,경기,8830e0349bfffff,1
운양,경기,8830e0b523fffff,0
운정,경기,8830e0b495fffff,0
양촌,경기,8830e0b199fffff,0
광명,경기,8830e03703fffff,0
구래,경기,8830e0b0a7fffff,0
중동,경기,8830e0af3dfffff,2
부천,경기,8830e0af33fffff,2
부천시청,경기,8830e0af1dfffff,0
신중동,경기,8830e0af11fffff,0
상동,경기,8830e0af0bfffff,0
송내,경기,8830e0af05fffff,0
신천,경기,8830e0ad2bfffff,0
소새울,경기,8830e0ad19fffff,0
시흥대야,경기,8830e0ad07fffff,2
야당,경기,8830e0b4bdfffff,0
범골,경기,8830e1d73dfffff,2
고촌,경기,8830e0a54dfffff,2
청산,경기,8830e1914bfffff,1
성남,경기,8830e15343fffff,3
이매,경기,8830e15355fffff,0
정자,경기,8830e15365fffff,0
수내,경기,8830e1536bfffff,0
초월,경기,8830e15523fffff,0
삼가,경기,8830e15805fffff,3
시청·용인대,경기,8830e15807fffff,2
명지대,경기,8830e1583bfffff,2
초당,경기,8830e1584bfffff,2
보평,경기,8830e158c3fffff,2
둔전,경기,8830e158cbfffff,0
용인중앙시장,경기,8830e158e1fffff,0
고진,경기,8830e158ebfffff,2
김량장,경기,8830e158edfffff,0
지석,경기,8830e15a21fffff,3
어정,경기,8830e15a2bfffff,0
강남대,경기,8830e15a2dfffff,0
동백,경기,8830e15a35fffff,2
기흥,경기,8830e15a65fffff,0
상갈,경기,8830e15b5dfffff,2
원덕,경기,8830e17253fffff,1
여주,경기,8830e17899fffff,1
세종대왕릉,경기,8830e17aadfffff,1
부발,경기,8830e17b6bfffff,1
양평,경기,8830e108ebfffff,0
판교,경기,8830e15341fffff,3
전곡,경기,8830e19311fffff,0
서현,경기,8830e15309fffff,0
야탑,경기,8830e15265fffff,0
아신,경기,8830e10a37fffff,1
국수,경기,8830e10b5bfffff,1
지평,경기,8830e10db5fffff,1
용문,경기,8830e10de5fffff,0
마석,경기,8830e11129fffff,0
대성리,경기,8830e111d7fffff,1
상천,경기,8830e11445fffff,1
청평,경기,8830e1154dfffff,0
가평,경기,8830e11683fffff,3
양수,경기,8830e1191bfffff,3
운길산,경기,8830e1195bfffff,1
신원,경기,8830e119b9fffff,1
곤지암,경기,8830e14291fffff,2
전대·에버랜드,경기,8830e1436dfffff,0
신둔도예촌,경기,8830e14543fffff,0
이천,경기,8830e14e89fffff,3
경기광주,경기,8830e15099fffff,2
수진,경기,8830e15243fffff,0
모란,경기,8830e15245fffff,0
가천대,경기,8830e15249fffff,0
태평,경기,8830e1524dfffff,0
남한산성입구,경기,8830e15253fffff,2
신흥,경기,8830e15255fffff,2
단대오거리,경기,8830e15257fffff,0
산성,경기,8830e15259fffff,2
삼동,경기,8830e152a1fffff,2
덕정,경기,8830e19947fffff,0
"경전철의정부, 의정부",경기,8830e1d739fffff,0
동두천중앙,경기,8830e19a25fffff,2
동두천,경기,8830e19a0dfffff,1
장자호수공원,경기,8830e1ce49fffff,0
팔당,경기,8830e1ccddfffff,0
하남검단산,경기,8830e1cccdfffff,0
하남시청,경기,8830e1cc53fffff,0
별내별가람,경기,8830e1c29bfffff,0
갈매,경기,8830e1c2b5fffff,0
선바위,경기,8830e1cb29fffff,1
경마공원,경기,8830e1cb21fffff,1
금곡,경기,8830e1c427fffff,2
사릉,경기,8830e1c46dfffff,3
천마산,경기,8830e1c4bbfffff,0
평내호평,경기,8830e1c4e1fffff,0
양정,경기,8830e1c53dfffff,1
도농,경기,8830e1c569fffff,0
오남,경기,8830e1c615fffff,2
진접,경기,8830e1c6cdfffff,0
퇴계원,경기,8830e1c763fffff,2
별내,경기,8830e1c765fffff,0
파주,경기,8830e56a05fffff,2
월롱,경기,8830e56a25fffff,2
남위례,경기,8830e1c8bbfffff,0
금촌,경기,8830e56b05fffff,0
금릉,경기,8830e56b2dfffff,0
문산,경기,8830e578b3fffff,2
덕소,경기,8830e1ceddfffff,2
하남풍산,경기,8830e1cee7fffff,3
도심,경기,8830e1ced7fffff,2
지축,경기,8830e1d16bfffff,0
보산,경기,8830e19a29fffff,0
오빈,경기,8830e1081bfffff,1
소요산,경기,8830e19a5dfffff,2
지행,경기,8830e19b19fffff,0
발곡,경기,8830e1d737fffff,2
회룡,경기,8830e1d735fffff,2
가능,경기,8830e1d71dfffff,2
녹양,경기,8830e1d719fffff,2
동오,경기,8830e1d717fffff,2
미사,경기,8830e1ceedfffff,0
의정부시청,경기,8830e1d707fffff,2
흥선,경기,8830e1d703fffff,2
의정부중앙,경기,8830e1d715fffff,0
양주,경기,8830e1d629fffff,0
어룡,경기,8830e1d401fffff,2
송산,경기,8830e1d407fffff,2
"곤제, 효자",경기,8830e1d409fffff,2
덕계,경기,8830e1d65bfffff,0
다산,경기,8830e1c09bfffff,0
구리,경기,8830e1c0b9fffff,0
탑석,경기,8830e1d42bfffff,2
새말,경기,8830e1d445fffff,2
경기도청북부청사,경기,8830e1d447fffff,0
장암,경기,8830e1d50dfffff,0
망월사,경기,8830e1d541fffff,0
동구릉,경기,8830e1c083fffff,0
호포,경남,8830c16259fffff,1
증산,경남,8830c17099fffff,0
박물관,경남,8830c17125fffff,0
연지공원,경남,8830c17129fffff,0
장신대,경남,8830c17163fffff,0
가야대,경남,8830c1716bfffff,2
봉황,경남,8830c17a13fffff,3
양산,경남,8830c17701fffff,0
남양산,경남,8830c17729fffff,0
부산대양산캠퍼스,경남,8830c17725fffff,2
김해시청,경남,8830c17ac7fffff,0
지내,경남,8830c17a9dfffff,2
불암,경남,8830c17a95fffff,0
김해대학,경남,8830c17a8bfffff,2
인제대,경남,8830c17a89fffff,3
수로왕릉,경남,8830c17a1bfffff,0
부원,경남,8830c17ac5fffff,2
왜관,경북,8830c52b49fffff,2
구미,경북,8830c504bdfffff,0
경산,경북,8830c18053fffff,2
북삼,경북,8830c53869fffff,1
사곡,경북,8830c53a0bfffff,0
"금남로4가, 금남로5가",광주,8830c6ada7fffff,0
화정,광주,8830c632d5fffff,2
양동시장,광주,8830c6ada5fffff,2
평동,광주,8830c6a9b7fffff,0
남광주,광주,8830c6376bfffff,2
학동증심사입구,광주,8830c63763fffff,2
돌고개,광주,8830c632d3fffff,2
소태,광주,8830c63729fffff,2
문화전당,광주,8830c63741fffff,0
쌍촌,광주,8830c632c3fffff,0
광주송정,광주,8830c6326bfffff,0
도산,광주,8830c63261fffff,0
운천,광주,8830c632c1fffff,0
"김대중컨벤션센터, 상무",광주,8830c63213fffff,2
공항,광주,8830c63209fffff,1
녹동,광주,8830c6309bfffff,2
송정공원,광주,8830c63247fffff,2
농성,광주,8830c632d1fffff,2
용계,대구,8830c190bbfffff,1
감삼,대구,8830c19109fffff,0
아양교,대구,8830c190c5fffff,2
동촌,대구,8830c190c7fffff,0
동구청,대구,8830c190e9fffff,2
동대구,대구,8830c190edfffff,0
서부정류장,대구,8830c19107fffff,0
대명,대구,8830c19139fffff,3
남산,대구,8830c1911bfffff,0
송현,대구,8830c19123fffff,2
월촌,대구,8830c19127fffff,0
"안지랑, 현충로",대구,8830c1913bfffff,3
반고개,대구,8830c19153fffff,0
두류,대구,8830c19155fffff,0
만촌,대구,8830c190a5fffff,0
교대,대구,8830c19113fffff,3
방촌,대구,8830c19083fffff,2
연호,대구,8830c18247fffff,1
"북구청, 원대",대구,8830c1906bfffff,3
고산,대구,8830c18203fffff,0
수성알파시티,대구,8830c1820dfffff,1
신매,대구,8830c18215fffff,0
내당,대구,8830c19157fffff,0
영남대,대구,8830c18281fffff,3
임당,대구,8830c18285fffff,3
정평,대구,8830c182e1fffff,2
사월,대구,8830c182edfffff,0
"범물, 용지",대구,8830c1835dfffff,0
청라언덕,대구,8830c19025fffff,2
반월당,대구,8830c19027fffff,3
달성공원,대구,8830c19029fffff,2
"대구, 중앙로",대구,8830c1902bfffff,3
서문시장,대구,8830c1902dfffff,2
신천,대구,8830c19033fffff,3
칠성시장,대구,8830c1903dfffff,2
팔달시장,대구,8830c19069fffff,2
해안,대구,8830c19081fffff,1
용산,대구,8830c19169fffff,0
수성구청,대구,8830c191d3fffff,0
어린이세상,대구,8830c19181fffff,3
안심,대구,8830c19539fffff,1
대구한의대병원,대구,8830c1953bfffff,2
율하,대구,8830c19565fffff,2
신기,대구,8830c19567fffff,2
부호,대구,8830c195dbfffff,1
대곡,대구,8830c19a01fffff,0
진천,대구,8830c19a0bfffff,0
상인,대구,8830c19a19fffff,0
월배,대구,8830c19a1dfffff,0
각산,대구,8830c1952bfffff,3
화원,대구,8830c19a63fffff,0
학정,대구,8830c528b5fffff,0
칠곡경대병원,대구,8830c528b9fffff,3
다사,대구,8830c5641bfffff,2
문양,대구,8830c56457fffff,1
계명대,대구,8830c56481fffff,3
이곡,대구,8830c56497fffff,3
성서산업단지,대구,8830c5649dfffff,0
대실,대구,8830c564c5fffff,0
강창,대구,8830c564c7fffff,0
설화명곡,대구,8830c19a67fffff,3
반야월,대구,8830c19529fffff,0
하양,대구,8830c194e3fffff,0
매천,대구,8830c1935bfffff,0
황금,대구,8830c19187fffff,0
수성구민운동장,대구,8830c1918bfffff,0
담티,대구,8830c1919bfffff,0
지산,대구,8830c191b5fffff,2
수성못,대구,8830c191bdfffff,3
수성시장,대구,8830c191c3fffff,2
경대병원,대구,8830c191c9fffff,3
명덕,대구,8830c191cdfffff,0
범어,대구,8830c191d1fffff,0
대구은행,대구,8830c191ddfffff,0
영대병원,대구,8830c191e9fffff,3
동천,대구,8830c19241fffff,3
칠곡운암,대구,8830c19245fffff,2
팔거,대구,8830c1924bfffff,0
태전,대구,8830c19261fffff,2
구암,대구,8830c1926bfffff,0
공단,대구,8830c19311fffff,3
만평,대구,8830c19317fffff,1
서대구,대구,8830c19339fffff,2
매천시장,대구,8830c19353fffff,2
팔달,대구,8830c19357fffff,1
죽전,대구,8830c1916bfffff,3
"건들바위, 대봉교",대구,8830c191c1fffff,0
노은,대전,8830e37803fffff,0
대동,대전,8830e36aebfffff,0
오룡,대전,8830e36a03fffff,0
용문,대전,8830e36a09fffff,0
중앙로,대전,8830e36a17fffff,0
"서대전네거리, 중구청",대전,8830e36a3bfffff,0
탄방,대전,8830e36a4bfffff,0
신흥,대전,8830e36aa9fffff,0
판암,대전,8830e36aabfffff,0
대전,대전,8830e36ae9fffff,0
유성온천,대전,8830e379dbfffff,0
정부청사,대전,8830e378bdfffff,0
현충원,대전,8830e37831fffff,0
갑천,대전,8830e378adfffff,0
구암,대전,8830e37833fffff,0
시청,대전,8830e378b7fffff,0
지족,대전,8830e37857fffff,0
월드컵경기장,대전,8830e37839fffff,1
"갈마, 월평",대전,8830e378abfffff,0
반석,대전,8830e37859fffff,3
서부산유통지구,부산,8830c178b3fffff,2
송정,부산,8830c16edbfffff,1
신해운대,부산,8830c16ecbfffff,0
장산,부산,8830c16ec7fffff,0
망미,부산,8830c16e6bfffff,2
중동,부산,8830c16eebfffff,0
배산,부산,8830c16e69fffff,2
센텀,부산,8830c16e55fffff,0
동백,부산,8830c16e3bfffff,0
광안,부산,8830c16e29fffff,2
금련산,부산,8830c16e25fffff,2
수영,부산,8830c16e0dfffff,2
"벡스코, 센텀시티",부산,8830c16e03fffff,0
재송,부산,8830c16e5dfffff,2
해운대,부산,8830c16eedfffff,0
지게골,부산,8830c16f09fffff,0
"대연, 못골",부산,8830c16f0bfffff,0
남천,부산,8830c16f19fffff,2
경성대·부경대,부산,8830c16f1dfffff,0
국제금융센터·부산은행,부산,8830c16f41fffff,0
문현,부산,8830c16f47fffff,0
범내골,부산,8830c16f49fffff,0
민락,부산,8830c16e01fffff,2
부암,부산,8830c161a1fffff,2
연산,부산,8830c16199fffff,0
부산진,부산,8830c16f6dfffff,2
시청,부산,8830c1619dfffff,0
노포,부산,8830c175e7fffff,3
덕두,부산,8830c17891fffff,0
공항,부산,8830c178bbfffff,0
범일,부산,8830c16f4dfffff,0
부산,부산,8830c16ab7fffff,0
"냉정, 주례",부산,8830c16acbfffff,0
기장,부산,8830c16403fffff,2
대사,부산,8830c1636dfffff,1
평강,부산,8830c16361fffff,2
강서구청,부산,8830c16339fffff,2
구포,부산,8830c16333fffff,2
등구,부산,8830c16327fffff,1
수정,부산,8830c16313fffff,2
"대저, 체육공원",부산,8830c16305fffff,2
남산,부산,8830c162d7fffff,0
범어사,부산,8830c162d3fffff,2
구서,부산,8830c162b9fffff,0
장전,부산,8830c162b5fffff,2
두실,부산,8830c1629dfffff,2
금곡,부산,8830c16255fffff,0
율리,부산,8830c1622bfffff,2
동원,부산,8830c16201fffff,3
사직,부산,8830c161d9fffff,0
거제해맞이,부산,8830c161d7fffff,2
거제,부산,8830c161d3fffff,0
종합운동장,부산,8830c161d1fffff,0
전포,부산,8830c161b5fffff,0
안평,부산,8830c16465fffff,2
좌천,부산,8830c16541fffff,2
영산대,부산,8830c16549fffff,2
오시리아,부산,8830c165e7fffff,3
초량,부산,8830c16ab3fffff,0
서대신,부산,8830c16aa7fffff,0
다대포해수욕장,부산,8830c169edfffff,2
다대포항,부산,8830c169e9fffff,0
낫개,부산,8830c169c1fffff,2
동대신,부산,8830c168c9fffff,0
자갈치,부산,8830c168c7fffff,0
토성,부산,8830c168c5fffff,0
중앙,부산,8830c168c3fffff,0
남포,부산,8830c16889fffff,3
동의대,부산,8830c16adbfffff,0
신평,부산,8830c1686bfffff,2
장림,부산,8830c1682bfffff,0
신장림,부산,8830c16823fffff,2
괴정,부산,8830c1681dfffff,0
대티,부산,8830c16819fffff,0
사하,부산,8830c1680bfffff,2
당리,부산,8830c16809fffff,2
동매,부산,8830c16805fffff,2
윗반송,부산,8830c16735fffff,2
고촌,부산,8830c16731fffff,2
일광,부산,8830c166adfffff,2
하단,부산,8830c16843fffff,3
개금,부산,8830c16addfffff,0
양정,부산,8830c16183fffff,2
부전,부산,8830c16187fffff,0
미남,부산,8830c160edfffff,0
명륜,부산,8830c160ebfffff,2
"동래, 수안",부산,8830c160e7fffff,0
부산대,부산,8830c160cbfffff,0
온천장,부산,8830c160c7fffff,0
부산원동,부산,8830c160b5fffff,2
물만골,부산,8830c16191fffff,2
충렬사,부산,8830c160abfffff,2
낙민,부산,8830c160a9fffff,2
안락,부산,8830c160a3fffff,2
금사,부산,8830c1609dfffff,2
석대,부산,8830c16093fffff,1
반여농산물시장,부산,8830c16091fffff,3
명장,부산,8830c16087fffff,2
서동,부산,8830c16083fffff,2
덕천,부산,8830c1606dfffff,0
숙등,부산,8830c16061fffff,0
화명,부산,8830c16049fffff,0
남산정,부산,8830c1600dfffff,2
만덕,부산,8830c16001fffff,0
월내,부산,8830c129c7fffff,2
덕포,부산,8830c1610dfffff,2
사상,부산,8830c16121fffff,0
교대,부산,8830c160adfffff,0
서면,부산,8830c161a3fffff,0
구명,부산,8830c16159fffff,0
모덕,부산,8830c16147fffff,2
모라,부산,8830c16143fffff,2
괘법르네시떼,부산,8830c16129fffff,0
구남,부산,8830c1615dfffff,0
감전,부산,8830c16127fffff,2
가야,부산,8830c161adfffff,2
구파발,서울,8830e1d163fffff,0
독바위,서울,8830e1d127fffff,2
솔밭공원,서울,8830e1d193fffff,0
잠실새내,서울,8830e1ca87fffff,0
수락산,서울,8830e1d52dfffff,2
잠실나루,서울,8830e1ca91fffff,0
잠실,서울,8830e1ca95fffff,0
대청,서울,8830e1caa5fffff,2
고속터미널,서울,8830e1ca6dfffff,3
잠원,서울,8830e1ca6bfffff,3
사평,서울,8830e1ca63fffff,3
반포,서울,8830e1ca61fffff,3
압구정,서울,8830e1ca55fffff,0
한남,서울,8830e1ca49fffff,0
신사,서울,8830e1ca47fffff,0
역삼,서울,8830e1ca3dfffff,0
선릉,서울,8830e1ca3bfffff,0
한티,서울,8830e1ca37fffff,0
강남,서울,8830e1ca2bfffff,0
양재,서울,8830e1ca27fffff,0
강남구청,서울,8830e1ca1dfffff,0
압구정로데오,서울,8830e1ca19fffff,3
삼성중앙,서울,8830e1ca17fffff,3
선정릉,서울,8830e1ca15fffff,0
삼전,서울,8830e1caabfffff,0
석촌,서울,8830e1cab3fffff,0
둔촌오륜,서울,8830e1cf01fffff,3
자양,서울,8830e1cac1fffff,0
굽은다리,서울,8830e1cf5bfffff,0
길동,서울,8830e1cf51fffff,0
천호,서울,8830e1cf4bfffff,0
마천,서울,8830e1cd49fffff,2
상일동,서울,8830e1ce07fffff,0
고덕,서울,8830e1ce29fffff,0
남태령,서울,8830e1cb6bfffff,3
강일,서울,8830e1ce39fffff,3
명일,서울,8830e1ce65fffff,0
암사역사공원,서울,8830e1ce6dfffff,2
거여,서울,8830e1cf27fffff,0
개롱,서울,8830e1cf21fffff,0
중앙보훈병원,서울,8830e1cf1dfffff,2
올림픽공원,서울,8830e1cf0dfffff,2
강동구청,서울,8830e1cf41fffff,0
둔촌동,서울,8830e1cf09fffff,2
교대,서울,8830e1cb5bfffff,0
남부터미널,서울,8830e1cb53fffff,0
구의,서울,8830e1cad1fffff,0
강변,서울,8830e1cad3fffff,3
삼성,서울,8830e1cae1fffff,3
종합운동장,서울,8830e1cae3fffff,3
봉은사,서울,8830e1cae9fffff,3
송파나루,서울,8830e1cf6dfffff,0
서초,서울,8830e1cb59fffff,0
"몽촌토성, 한성백제",서울,8830e1cf69fffff,0
총신대입구,서울,8830e1cb49fffff,0
"방이, 오금",서울,8830e1cf67fffff,2
강동,서울,8830e1cf5dfffff,0
내방,서울,8830e1cb4bfffff,0
도봉산,서울,8830e1d561fffff,0
사당,서울,8830e1cb4dfffff,0
방배,서울,8830e1cb43fffff,0
석촌고분,서울,8830e1cabdfffff,0
디지털미디어시티,서울,8830e1da2dfffff,0
신촌,서울,8830e1d801fffff,0
서빙고,서울,8830e1d99dfffff,1
흑석,서울,8830e1d98dfffff,0
동작,서울,8830e1d987fffff,1
대림,서울,8830e1d965fffff,2
신풍,서울,8830e1d963fffff,0
여의도,서울,8830e1d957fffff,3
신길,서울,8830e1d955fffff,0
국회의사당,서울,8830e1d951fffff,0
문래,서울,8830e1d94dfffff,0
남성,서울,8830e1d9a5fffff,2
영등포시장,서울,8830e1d94bfffff,2
영등포,서울,8830e1d947fffff,0
장승배기,서울,8830e1d93bfffff,0
신대방삼거리,서울,8830e1d939fffff,0
"보라매공원, 보라매병원",서울,8830e1d92bfffff,0
당곡,서울,8830e1d923fffff,0
신대방,서울,8830e1d921fffff,2
샛강,서울,8830e1d91dfffff,0
노량진,서울,8830e1d911fffff,0
대방,서울,8830e1d90bfffff,0
영등포구청,서울,8830e1d949fffff,0
구반포,서울,8830e1d9b9fffff,3
신반포,서울,8830e1d9bbfffff,3
노들,서울,8830e1d9c5fffff,0
구산,서울,8830e1da57fffff,2
수색,서울,8830e1da67fffff,0
독립문,서울,8830e1daa5fffff,0
무악재,서울,8830e1daadfffff,2
홍제,서울,8830e1dae5fffff,0
녹번,서울,8830e1dae9fffff,0
신목동,서울,8830e1db05fffff,0
망원,서울,8830e1db17fffff,0
마포구청,서울,8830e1db19fffff,0
양평,서울,8830e1db27fffff,2
당산,서울,8830e1db35fffff,0
증산,서울,8830e1da2bfffff,2
역촌,서울,8830e1da1dfffff,0
불광,서울,8830e1da1bfffff,0
새절,서울,8830e1da07fffff,2
응암,서울,8830e1da03fffff,0
상도,서울,8830e1d9edfffff,0
숭실대입구,서울,8830e1d9e5fffff,0
"신용산, 용산",서울,8830e1d9ddfffff,0
삼각지,서울,8830e1d9d9fffff,2
이촌,서울,8830e1d9d5fffff,3
보라매,서울,8830e1d907fffff,2
서울지방병무청,서울,8830e1d901fffff,0
회현,서울,8830e1d8ebfffff,3
서울역,서울,8830e1d8e9fffff,0
청구,서울,8830e1d895fffff,0
신당,서울,8830e1d891fffff,2
을지로4가,서울,8830e1d88bfffff,0
"을지로3가, 충무로",서울,8830e1d889fffff,0
동대입구,서울,8830e1d883fffff,3
합정,서울,8830e1d86dfffff,0
광흥창,서울,8830e1d863fffff,0
상수,서울,8830e1d861fffff,0
가좌,서울,8830e1d84dfffff,0
홍대입구,서울,8830e1d847fffff,0
공덕,서울,8830e1d83dfffff,0
효창공원앞,서울,8830e1d837fffff,2
마포,서울,8830e1d82bfffff,0
여의나루,서울,8830e1d825fffff,3
서대문,서울,8830e1d81bfffff,0
"아현, 애오개",서울,8830e1d815fffff,0
충정로,서울,8830e1d811fffff,0
청담,서울,8830e1ca11fffff,3
서강대,서울,8830e1d80dfffff,0
대흥,서울,8830e1d807fffff,0
이대,서울,8830e1d803fffff,0
신금호,서울,8830e1d897fffff,0
연신내,서울,8830e1da53fffff,0
동대문,서울,8830e1d899fffff,2
동대문역사문화공원,서울,8830e1d89dfffff,0
"남영, 숙대입구",서울,8830e1d8e5fffff,0
혜화,서울,8830e1d8dbfffff,3
종로5가,서울,8830e1d8d7fffff,0
종로3가,서울,8830e1d8d5fffff,0
안국,서울,8830e1d8cbfffff,0
경복궁,서울,8830e1d8c9fffff,0
"명동, 을지로입구",서울,8830e1d8c7fffff,3
시청,서울,8830e1d8c5fffff,3
종각,서울,8830e1d8c3fffff,3
광화문,서울,8830e1d8c1fffff,3
버티고개,서울,8830e1d8bdfffff,2
금호,서울,8830e1d8bbfffff,0
약수,서울,8830e1d8b9fffff,0
선유도,서울,8830e1db3dfffff,2
월드컵경기장,서울,8830e1db53fffff,0
옥수,서울,8830e1d8b7fffff,3
염창,서울,8830e1db63fffff,0
등촌,서울,8830e1db69fffff,0
녹사평,서울,8830e1d8adfffff,0
한강진,서울,8830e1d8a3fffff,0
이태원,서울,8830e1d8a1fffff,0
동묘앞,서울,8830e1d89bfffff,2
논현,서울,8830e1ca0dfffff,0
신정네거리,서울,8830e0accbfffff,0
신논현,서울,8830e1ca05fffff,0
공항시장,서울,8830e0aec9fffff,0
신방화,서울,8830e0aecbfffff,2
양천향교,서울,8830e0aed3fffff,2
발산,서울,8830e0aed7fffff,0
마곡나루,서울,8830e0aeddfffff,0
신이문,서울,8830e1c005fffff,2
중화,서울,8830e1c007fffff,2
석계,서울,8830e1c009fffff,0
먹골,서울,8830e1c00bfffff,0
봉화산,서울,8830e1c011fffff,2
신내,서울,8830e1c013fffff,2
중랑,서울,8830e1c02bfffff,0
면목,서울,8830e1c035fffff,2
망우,서울,8830e1c03bfffff,0
상봉,서울,8830e1c03dfffff,0
돌곶이,서울,8830e1c045fffff,2
광운대,서울,8830e1c04bfffff,0
공릉,서울,8830e1c051fffff,0
태릉입구,서울,8830e1c055fffff,0
화랑대,서울,8830e1c057fffff,2
외대앞,서울,8830e1c063fffff,0
상월곡,서울,8830e1c069fffff,2
양원,서울,8830e1c0e9fffff,0
용답,서울,8830e1c101fffff,0
신답,서울,8830e1c109fffff,2
답십리,서울,8830e1c10bfffff,0
한양대,서울,8830e1c10dfffff,0
장한평,서울,8830e1c115fffff,2
"뚝섬, 서울숲",서울,8830e1c129fffff,2
마곡,서울,8830e0aec3fffff,0
송정,서울,8830e0aec1fffff,0
화곡,서울,8830e0aeb9fffff,0
까치산,서울,8830e0aeb5fffff,0
금천구청,서울,8830e03605fffff,0
독산,서울,8830e03609fffff,2
가산디지털단지,서울,8830e0364bfffff,0
구로디지털단지,서울,8830e0365bfffff,2
관악산,서울,8830e03689fffff,0
낙성대,서울,8830e03699fffff,0
"서울대벤처타운, 서원",서울,8830e036c1fffff,0
신림,서울,8830e036c9fffff,0
봉천,서울,8830e036cbfffff,2
서울대입구,서울,8830e036d1fffff,0
개화산,서울,8830e0a523fffff,0
김포공항,서울,8830e0a527fffff,3
개화,서울,8830e0a52bfffff,1
방화,서울,8830e0a531fffff,0
성수,서울,8830e1c12bfffff,2
온수,서울,8830e0ac39fffff,0
구일,서울,8830e0ac87fffff,2
양천구청,서울,8830e0ac8bfffff,2
도림천,서울,8830e0ac91fffff,2
신도림,서울,8830e0ac93fffff,0
언주,서울,8830e1ca07fffff,0
남구로,서울,8830e0acb7fffff,2
목동,서울,8830e0acd1fffff,0
오목교,서울,8830e0acd3fffff,0
신정,서울,8830e0acddfffff,0
오류동,서울,8830e0ace1fffff,0
천왕,서울,8830e0add9fffff,2
우장산,서울,8830e0ae83fffff,2
증미,서울,8830e0ae93fffff,0
가양,서울,8830e0ae9bfffff,0
개봉,서울,8830e0ac85fffff,2
어린이대공원,서울,8830e1c133fffff,0
구로,서울,8830e0ac95fffff,0
용두,서울,8830e1c141fffff,0
"삼양, 삼양사거리",서울,8830e1c351fffff,2
북한산보국문,서울,8830e1c347fffff,2
안암,서울,8830e1c335fffff,0
고려대,서울,8830e1c331fffff,3
성신여대입구,서울,8830e1c32bfffff,0
신설동,서울,8830e1c327fffff,0
미아,서울,8830e1c353fffff,2
창신,서울,8830e1c325fffff,2
미아사거리,서울,8830e1c31dfffff,0
월곡,서울,8830e1c317fffff,0
정릉,서울,8830e1c30dfffff,2
길음,서울,8830e1c303fffff,0
상계,서울,8830e1c2c5fffff,2
불암산,서울,8830e1c2c1fffff,2
보문,서울,8830e1c321fffff,2
가오리,서울,8830e1c26dfffff,2
솔샘,서울,8830e1c35dfffff,2
일원,서울,8830e1c81bfffff,3
대모산입구,서울,8830e1c853fffff,2
대치,서울,8830e1c859fffff,0
학여울,서울,8830e1c85bfffff,0
"구룡, 도곡",서울,8830e1c85dfffff,3
양재시민의숲,서울,8830e1c869fffff,2
복정,서울,8830e1c883fffff,3
한성대입구,서울,8830e1c367fffff,0
장지,서울,8830e1c89dfffff,0
가락시장,서울,8830e1c8d1fffff,0
문정,서울,8830e1c8d7fffff,0
송파,서울,8830e1c8d9fffff,2
경찰병원,서울,8830e1c8dbfffff,0
매봉,서울,8830e1c84bfffff,0
청계산입구,서울,8830e1c82dfffff,0
수서,서울,8830e1c8c1fffff,0
개포동,서울,8830e1c851fffff,3
4.19민주묘지,서울,8830e1c269fffff,0
화계,서울,8830e1c265fffff,0
아차산,서울,8830e1c1e1fffff,2
사가정,서울,8830e1c1c9fffff,0
중곡,서울,8830e1c1c5fffff,0
용마산,서울,8830e1c1c1fffff,2
암사,서울,8830e1c1b1fffff,0
광나루,서울,8830e1c1a1fffff,0
군자,서울,8830e1c1edfffff,0
왕십리,서울,8830e1c16bfffff,0
응봉,서울,8830e1c161fffff,2
청량리,서울,8830e1c15dfffff,0
회기,서울,8830e1c15bfffff,0
제기동,서울,8830e1c14bfffff,2
마장,서울,8830e1c147fffff,0
상왕십리,서울,8830e1c145fffff,0
행당,서울,8830e1c169fffff,0
수유,서울,8830e1c267fffff,0
창동,서울,8830e1c203fffff,0
노원,서울,8830e1c217fffff,0
도봉,서울,8830e1c25bfffff,2
학동,서울,8830e1ca01fffff,0
쌍문,서울,8830e1c20dfffff,0
방학,서울,8830e1c257fffff,0
북한산우이,서울,8830e1c24dfffff,0
건대입구,서울,8830e1c137fffff,0
녹천,서울,8830e1c239fffff,0
월계,서울,8830e1c235fffff,0
하계,서울,8830e1c233fffff,2
마들,서울,8830e1c219fffff,2
중계,서울,8830e1c23bfffff,2
개운포,울산,8830c12237fffff,1
태화강,울산,8830c122c1fffff,3
서생,울산,8830c129d9fffff,1
남창,울산,8830c12acdfffff,2
망양,울산,8830c12155fffff,1
덕하,울산,8830c12045fffff,2
동인천,인천,8830e0aa67fffff,2
마전,인천,8830e0a041fffff,2
완정,인천,8830e0a047fffff,2
검단호수공원,인천,8830e0a051fffff,1
신검단중앙,인천,8830e0a053fffff,2
검암,인천,8830e0a067fffff,0
귤현,인천,8830e0a0a1fffff,3
계양,인천,8830e0a0a9fffff,1
아시아드경기장,인천,8830e0a119fffff,0
서구청,인천,8830e0a11dfffff,0
가정중앙시장,인천,8830e0a135fffff,2
가정,인천,8830e0a13dfffff,2
검바위,인천,8830e0a153fffff,2
경인교대입구,인천,8830e0a181fffff,2
부평시장,인천,8830e0aa97fffff,2
임학,인천,8830e0a195fffff,2
박촌,인천,8830e0a19bfffff,2
갈산,인천,8830e0a1a7fffff,2
아라,인천,8830e0a013fffff,2
독정,인천,8830e0a00dfffff,0
인천공항1터미널,인천,8830e08dc3fffff,3
공항화물청사,인천,8830e08ca1fffff,1
영종,인천,8830e0bb37fffff,1
인천,인천,8830e0b9b3fffff,2
부평,인천,8830e0af6dfffff,0
부개,인천,8830e0af63fffff,2
굴포천,인천,8830e0af4dfffff,0
송도달빛축제공원,인천,8830e01493fffff,2
삼산체육관,인천,8830e0af47fffff,2
신포,인천,8830e0ab5bfffff,2
작전,인천,8830e0a1abfffff,0
숭의,인천,8830e0ab19fffff,0
인천가좌,인천,8830e0aae9fffff,2
가재울,인천,8830e0aae7fffff,2
산곡,인천,8830e0aad7fffff,2
석남,인천,8830e0aacdfffff,2
서부여성회관,인천,8830e0aac5fffff,2
백운,인천,8830e0aabdfffff,2
인천공항2터미널,인천,8830e08c3dfffff,3
운서,인천,8830e08c99fffff,0
인하대,인천,8830e0ab13fffff,0
검단사거리,인천,8830e0a227fffff,0
계산,인천,8830e0a183fffff,2
검단오류,인천,8830e0a355fffff,1
석천사거리,인천,8830e0a8c5fffff,0
모래내시장,인천,8830e0a8c7fffff,2
청라국제도시,인천,8830e0a325fffff,1
동춘,인천,8830e0a913fffff,0
동막,인천,8830e0a915fffff,2
테크노파크,인천,8830e0a921fffff,3
부평구청,인천,8830e0aa9bfffff,2
캠퍼스타운,인천,8830e0a93dfffff,0
인천대공원,인천,8830e0a8bbfffff,2
센트럴파크,인천,8830e0a961fffff,0
국제업무지구,인천,8830e0a969fffff,2
호구포,인천,8830e0a981fffff,2
소래포구,인천,8830e0a997fffff,2
인천논현,인천,8830e0a9b9fffff,0
신연수,인천,8830e0a9c1fffff,2
남동인더스파크,인천,8830e0a9c7fffff,2
원인재,인천,8830e0a9cdfffff,1
도원,인천,8830e0aa21fffff,2
인천대입구,인천,8830e0a967fffff,0
운연,인천,8830e0a8b3fffff,1
간석오거리,인천,8830e0a8c9fffff,2
남동구청,인천,8830e0a887fffff,2
왕길,인천,8830e0a357fffff,2
동수,인천,8830e0aabbfffff,2
부평삼거리,인천,8830e0aab5fffff,3
동암,인천,8830e0aaa7fffff,0
간석,인천,8830e0aaa5fffff,2
인천시청,인천,8830e0a813fffff,0
예술회관,인천,8830e0a817fffff,0
석바위시장,인천,8830e0a819fffff,2
연수,인천,8830e0a827fffff,0
만수,인천,8830e0a88bfffff,2
지식정보단지,인천,8830e0a92dfffff,2
송도,인천,8830e0a865fffff,2
도화,인천,8830e0a85dfffff,2
문학경기장,인천,8830e0a833fffff,1
주안국가산단,인천,8830e0a85bfffff,1
시민공원,인천,8830e0a857fffff,2
선학,인천,8830e0a837fffff,2
인천터미널,인천,8830e0a83bfffff,0
주안,인천,8830e0a851fffff,0
제물포,인천,8830e0a849fffff,0
아산,충남,8830e389a1fffff,0
신창,충남,8830e3d587fffff,1
배방,충남,8830e3c6c5fffff,0
두정,충남,8830e388a1fffff,2
온양온천,충남,8830e3c609fffff,2
성환,충남,8830e38137fffff,2
천안,충남,8830e31269fffff,0
쌍용,충남,8830e389b5fffff,0
봉명,충남,8830e389b3fffff,0
탕정,충남,8830e3c6d7fffff,0
직산,충남,8830e38ab5fffff,1
