지역,역명,상권_유형
강원,강촌,그룹 3
강원,굴봉산,그룹 3
강원,김유정,그룹 0
강원,남춘천,그룹 0
강원,백양리,그룹 3
강원,춘천,그룹 0
경기,"가능, 경기도청북부청사, 경전철의정부, 곤제, 동오, 새말, 의정부, 의정부시청, 의정부중앙, 효자, 흥선",그룹 2
경기,가천대,그룹 0
경기,가평,그룹 0
경기,갈매,그룹 0
경기,강남대,그룹 0
경기,강매,그룹 3
경기,걸포북변,그룹 0
경기,경기광주,그룹 2
경기,경마공원,그룹 3
경기,고색,그룹 2
경기,고잔,그룹 0
경기,고진,그룹 2
경기,고촌,그룹 2
경기,곡산,그룹 3
경기,곤지암,그룹 2
경기,과천,그룹 0
경기,관악,그룹 2
경기,광교,그룹 0
경기,광교중앙,그룹 1
경기,광명,그룹 0
경기,광명사거리,그룹 0
경기,구래,그룹 0
경기,구리,그룹 1
경기,구성,그룹 0
경기,국수,그룹 3
경기,군포,그룹 2
경기,금곡,그룹 2
경기,금릉,그룹 2
경기,금정,그룹 0
경기,금촌,그룹 0
경기,기흥,그룹 0
경기,"김량장, 명지대",그룹 0
경기,까치울,그룹 2
경기,남위례,그룹 2
경기,"남한산성입구, 단대오거리",그룹 0
경기,녹양,그룹 2
경기,능곡,그룹 0
경기,능길,그룹 3
경기,다산,그룹 0
경기,달미,그룹 3
경기,달월,그룹 3
경기,당정,그룹 2
경기,대곡,그룹 3
경기,대공원,그룹 3
경기,대성리,그룹 3
경기,대야미,그룹 0
경기,대화,그룹 0
경기,덕계,그룹 0
경기,덕소,그룹 2
경기,덕정,그룹 0
경기,도농,그룹 0
경기,도심,그룹 2
경기,동구릉,그룹 0
경기,동두천,그룹 3
경기,동두천중앙,그룹 2
경기,동백,그룹 2
경기,"동천, 오리",그룹 0
경기,둔전,그룹 2
경기,마두,그룹 0
경기,마산,그룹 0
경기,마석,그룹 0
경기,망월사,그룹 2
경기,망포,그룹 0
경기,매교,그룹 2
경기,매탄권선,그룹 2
경기,명학,그룹 0
경기,"모란, 태평",그룹 0
경기,문산,그룹 2
경기,미금,그룹 0
경기,미사,그룹 1
경기,반월,그룹 2
경기,"발곡, 범골, 회룡",그룹 1
경기,백마,그룹 0
경기,백석,그룹 0
경기,범계,그룹 1
경기,별내,그룹 2
경기,별내별가람,그룹 0
경기,병점,그룹 0
경기,보산,그룹 0
경기,보정,그룹 2
경기,보평,그룹 2
경기,부발,그룹 3
경기,부천,그룹 1
경기,부천시청,그룹 1
경기,부천종합운동장,그룹 3
경기,사릉,그룹 0
경기,사리,그룹 2
경기,사우,그룹 0
경기,산본,그룹 0
경기,산성,그룹 2
경기,삼가,그룹 0
경기,삼동,그룹 2
경기,삼송,그룹 0
경기,상갈,그룹 2
경기,상동,그룹 1
경기,상록수,그룹 0
경기,상천,그룹 3
경기,상현,그룹 0
경기,서동탄,그룹 0
경기,서정리,그룹 2
경기,서현,그룹 1
경기,석수,그룹 0
경기,선바위,그룹 3
경기,선부,그룹 0
경기,성균관대,그룹 0
경기,"성남, 이매, 판교",그룹 0
경기,성복,그룹 0
경기,세류,그룹 0
경기,세마,그룹 2
경기,세종대왕릉,그룹 3
경기,소사,그룹 0
경기,소새울,그룹 2
경기,소요산,그룹 2
경기,송내,그룹 0
경기,"송산, 어룡, 탑석",그룹 2
경기,송탄,그룹 0
경기,수내,그룹 1
경기,수리산,그룹 2
경기,수원,그룹 1
경기,수원시청,그룹 1
경기,수지구청,그룹 0
경기,"수진, 신흥",그룹 0
경기,시우,그룹 2
경기,시청·용인대,그룹 2
경기,시흥능곡,그룹 0
경기,시흥대야,그룹 2
경기,시흥시청,그룹 2
경기,신갈,그룹 0
경기,신둔도예촌,그룹 0
경기,신원,그룹 3
경기,신중동,그룹 1
경기,신천,그룹 0
경기,신현,그룹 2
경기,아신,그룹 3
경기,안산,그룹 2
경기,안양,그룹 1
경기,야당,그룹 0
경기,야목,그룹 0
경기,야탑,그룹 1
경기,양수,그룹 0
경기,양정,그룹 3
경기,양주,그룹 0
경기,양촌,그룹 0
경기,양평,그룹 0
경기,어정,그룹 0
경기,어천,그룹 3
경기,여주,그룹 3
경기,역곡,그룹 0
경기,연천,그룹 2
경기,영통,그룹 0
경기,오남,그룹 2
경기,오목천,그룹 2
경기,오빈,그룹 3
경기,오산,그룹 2
경기,오산대,그룹 0
경기,오이도,그룹 3
경기,용문,그룹 0
경기,용인중앙시장,그룹 0
경기,운길산,그룹 3
경기,운양,그룹 0
경기,운정,그룹 0
경기,운천,그룹 3
경기,원당,그룹 0
경기,원덕,그룹 3
경기,원시,그룹 2
경기,원종,그룹 2
경기,원흥,그룹 0
경기,월곶,그룹 2
경기,월롱,그룹 2
경기,의왕,그룹 2
경기,이천,그룹 0
경기,인덕원,그룹 0
경기,일산,그룹 0
경기,임진강,그룹 3
경기,장기,그룹 0
경기,장암,그룹 0
경기,장자호수공원,그룹 0
경기,전곡,그룹 0
경기,전대·에버랜드,그룹 0
경기,정발산,그룹 1
경기,정부과천청사,그룹 0
경기,정왕,그룹 2
경기,정자,그룹 1
경기,주엽,그룹 0
경기,죽전,그룹 0
경기,중동,그룹 2
경기,중앙,그룹 1
경기,지석,그룹 0
경기,지축,그룹 0
경기,지평,그룹 3
경기,지행,그룹 0
경기,진위,그룹 3
경기,진접,그룹 0
경기,천마산,그룹 0
경기,철산,그룹 0
경기,청명,그룹 0
경기,청산,그룹 3
경기,청평,그룹 0
경기,초당,그룹 2
경기,초월,그룹 0
경기,초지,그룹 2
경기,춘의,그룹 2
경기,탄현,그룹 0
경기,퇴계원,그룹 2
경기,파주,그룹 2
경기,팔당,그룹 0
경기,평내호평,그룹 0
경기,평촌,그룹 0
경기,평택,그룹 0
경기,평택지제,그룹 0
경기,풍무,그룹 0
경기,풍산,그룹 0
경기,하남검단산,그룹 0
경기,하남시청,그룹 0
경기,하남풍산,그룹 0
경기,한국항공대,그룹 3
경기,한대앞,그룹 0
경기,행신,그룹 0
경기,화서,그룹 0
경기,화정,그룹 1
경남,가야대,그룹 2
경남,"김해대학, 불암, 지내",그룹 2
경남,"김해시청, 부원",그룹 2
경남,남양산,그룹 0
경남,박물관,그룹 0
경남,"봉황, 수로왕릉",그룹 0
경남,부산대양산캠퍼스,그룹 2
경남,양산,그룹 0
경남,연지공원,그룹 0
경남,인제대,그룹 0
경남,장신대,그룹 0
경남,증산,그룹 0
경남,호포,그룹 3
경북,경산,그룹 0
경북,구미,그룹 0
경북,북삼,그룹 3
경북,사곡,그룹 0
경북,왜관,그룹 2
광주,공항,그룹 3
광주,"광주송정, 도산",그룹 0
광주,"금남로4가, 금남로5가",그룹 0
광주,"김대중컨벤션센터, 상무",그룹 0
광주,남광주,그룹 2
광주,녹동,그룹 2
광주,"농성, 쌍촌, 화정",그룹 2
광주,"돌고개, 양동시장",그룹 2
광주,문화전당,그룹 1
광주,소태,그룹 2
광주,송정공원,그룹 2
광주,운천,그룹 0
광주,평동,그룹 0
광주,학동증심사입구,그룹 2
대구,각산,그룹 0
대구,"감삼, 두류",그룹 0
대구,강창,그룹 0
대구,"건들바위, 대봉교",그룹 0
대구,경대병원,그룹 0
대구,계명대,그룹 0
대구,고산,그룹 0
대구,"공단, 만평, 북구청, 원대, 팔달시장",그룹 0
대구,"교대, 남산, 대명, 명덕, 서부정류장, 안지랑, 영대병원, 현충로",그룹 0
대구,"구암, 동천, 칠곡운암, 태전, 팔거",그룹 0
대구,"내당, 반고개",그룹 0
대구,다사,그룹 2
대구,"달성공원, 서문시장, 청라언덕",그룹 0
대구,담티,그룹 0
대구,대곡,그룹 0
대구,"대구, 반월당, 중앙로, 칠성시장",그룹 1
대구,"대구은행, 수성시장",그룹 0
대구,대구한의대병원,그룹 2
대구,대실,그룹 0
대구,"동구청, 동대구, 아양교",그룹 0
대구,동촌,그룹 0
대구,만촌,그룹 0
대구,매천,그룹 0
대구,"매천시장, 팔달",그룹 2
대구,문양,그룹 3
대구,반야월,그룹 0
대구,방촌,그룹 2
대구,"범물, 용지",그룹 0
대구,"범어, 수성구민운동장",그룹 0
대구,부호,그룹 3
대구,사월,그룹 0
대구,"상인, 월배, 진천",그룹 0
대구,서대구,그룹 2
대구,설화명곡,그룹 0
대구,"성서산업단지, 이곡",그룹 0
대구,송현,그룹 2
대구,수성구청,그룹 0
대구,수성못,그룹 0
대구,수성알파시티,그룹 3
대구,신기,그룹 2
대구,신매,그룹 0
대구,신천,그룹 0
대구,안심,그룹 3
대구,"어린이세상, 황금",그룹 0
대구,연호,그룹 3
대구,영남대,그룹 0
대구,용계,그룹 3
대구,용산,그룹 0
대구,월촌,그룹 0
대구,율하,그룹 2
대구,임당,그룹 0
대구,정평,그룹 0
대구,죽전,그룹 0
대구,지산,그룹 2
대구,"칠곡경대병원, 학정",그룹 0
대구,하양,그룹 0
대구,해안,그룹 3
대구,화원,그룹 0
대전,"갈마, 월평, 정부청사",그룹 0
대전,갑천,그룹 0
대전,구암,그룹 0
대전,노은,그룹 0
대전,대동,그룹 0
대전,"대전, 서대전네거리, 중구청, 중앙로",그룹 1
대전,반석,그룹 0
대전,"시청, 탄방",그룹 1
대전,신흥,그룹 0
대전,오룡,그룹 0
대전,용문,그룹 0
대전,월드컵경기장,그룹 3
대전,유성온천,그룹 0
대전,지족,그룹 0
대전,판암,그룹 0
대전,현충원,그룹 0
부산,"가야, 부암, 부전, 서면, 전포",그룹 1
부산,감전,그룹 2
부산,강서구청,그룹 2
부산,"개금, 냉정",그룹 2
부산,"거제, 연산, 종합운동장",그룹 0
부산,"거제해맞이, 시청",그룹 0
부산,경성대·부경대,그룹 1
부산,"고촌, 윗반송",그룹 2
부산,공항,그룹 0
부산,광안,그룹 0
부산,"괘법르네시떼, 사상",그룹 0
부산,"괴정, 대티",그룹 0
부산,교대,그룹 0
부산,"구남, 구명, 구포",그룹 0
부산,구서,그룹 0
부산,"국제금융센터·부산은행, 문현, 범내골, 범일, 지게골",그룹 1
부산,금곡,그룹 0
부산,금련산,그룹 2
부산,"금사, 서동",그룹 0
부산,기장,그룹 2
부산,"낙민, 동래, 명장, 수안, 안락, 충렬사",그룹 2
부산,남산,그룹 0
부산,남산정,그룹 2
부산,남천,그룹 0
부산,"남포, 자갈치, 중앙, 토성",그룹 1
부산,낫개,그룹 0
부산,노포,그룹 0
부산,다대포항,그룹 0
부산,다대포해수욕장,그룹 2
부산,"당리, 하단",그룹 0
부산,대사,그룹 3
부산,"대연, 못골",그룹 0
부산,"대저, 체육공원",그룹 2
부산,덕두,그룹 0
부산,"덕천, 숙등",그룹 0
부산,"덕포, 모덕",그룹 2
부산,"동대신, 서대신",그룹 0
부산,동매,그룹 2
부산,동백,그룹 0
부산,동원,그룹 0
부산,동의대,그룹 0
부산,두실,그룹 2
부산,등구,그룹 3
부산,만덕,그룹 0
부산,"망미, 민락, 수영",그룹 2
부산,명륜,그룹 0
부산,모라,그룹 2
부산,물만골,그룹 2
부산,미남,그룹 0
부산,반여농산물시장,그룹 0
부산,배산,그룹 2
부산,범어사,그룹 2
부산,"벡스코, 센텀시티",그룹 1
부산,"부산, 초량",그룹 1
부산,부산대,그룹 0
부산,부산원동,그룹 2
부산,부산진,그룹 2
부산,사직,그룹 0
부산,사하,그룹 2
부산,서부산유통지구,그룹 2
부산,석대,그룹 3
부산,센텀,그룹 0
부산,송정,그룹 3
부산,수정,그룹 2
부산,신장림,그룹 2
부산,신평,그룹 2
부산,신해운대,그룹 0
부산,안평,그룹 2
부산,양정,그룹 2
부산,"영산대, 좌천",그룹 2
부산,오시리아,그룹 0
부산,온천장,그룹 0
부산,월내,그룹 2
부산,율리,그룹 2
부산,일광,그룹 2
부산,장림,그룹 0
부산,장산,그룹 0
부산,장전,그룹 2
부산,재송,그룹 2
부산,주례,그룹 0
부산,중동,그룹 0
부산,평강,그룹 2
부산,해운대,그룹 0
부산,화명,그룹 0
서울,"4.19민주묘지, 북한산우이, 솔밭공원",그룹 0
서울,"가락시장, 개롱, 경찰병원, 방이, 오금",그룹 2
서울,"가산디지털단지, 남구로",그룹 1
서울,"가양, 증미",그룹 1
서울,가오리,그룹 2
서울,가좌,그룹 0
서울,"강남, 논현, 신논현, 신사",그룹 1
서울,"강남구청, 선정릉",그룹 0
서울,"강동, 길동",그룹 1
서울,강동구청,그룹 0
서울,"강변, 구의",그룹 1
서울,강일,그룹 0
서울,개봉,그룹 0
서울,"개포동, 구룡, 대모산입구, 대청, 대치, 도곡, 학여울, 한티",그룹 0
서울,개화,그룹 3
서울,"개화산, 방화",그룹 2
서울,거여,그룹 0
서울,건대입구,그룹 1
서울,"경복궁, 광화문, 금호, 동대문, 동대문역사문화공원, 동대입구, 동묘앞, 명동, 버티고개, 보문, 서울역, 시청, 신당, 안국, 약수, 을지로3가, 을지로4가, 을지로입구, 종각, 종로3가, 종로5가, 창신, 청구, 충무로, 회현",그룹 1
서울,고덕,그룹 0
서울,"고려대, 안암",그룹 0
서울,"고속터미널, 반포, 사평, 신반포, 잠원",그룹 1
서울,"공덕, 마포",그룹 1
서울,공릉,그룹 0
서울,"공항시장, 김포공항, 송정, 신방화",그룹 0
서울,관악산,그룹 0
서울,광나루,그룹 0
서울,광운대,그룹 0
서울,"광흥창, 대흥, 상수, 서강대, 신촌, 이대",그룹 1
서울,"교대, 서초",그룹 1
서울,구로,그룹 0
서울,구로디지털단지,그룹 1
서울,"구반포, 동작",그룹 3
서울,"구산, 불광, 역촌",그룹 0
서울,구일,그룹 0
서울,구파발,그룹 0
서울,국회의사당,그룹 1
서울,군자,그룹 0
서울,"굽은다리, 명일",그룹 0
서울,금천구청,그룹 0
서울,길음,그룹 0
서울,까치산,그룹 0
서울,낙성대,그룹 0
서울,남부터미널,그룹 1
서울,남성,그룹 2
서울,"남영, 삼각지, 숙대입구, 신용산, 용산",그룹 0
서울,남태령,그룹 0
서울,"내방, 방배",그룹 0
서울,노들,그룹 0
서울,노량진,그룹 0
서울,노원,그룹 1
서울,녹번,그룹 0
서울,"녹사평, 이태원",그룹 0
서울,녹천,그룹 0
서울,"답십리, 마장, 신답, 왕십리, 용답",그룹 0
서울,"당곡, 보라매, 보라매공원, 보라매병원, 서울대벤처타운, 서울지방병무청, 서원, 신대방삼거리, 신림",그룹 0
서울,당산,그룹 0
서울,대림,그룹 0
서울,"대방, 샛강, 여의도",그룹 1
서울,도림천,그룹 2
서울,도봉,그룹 2
서울,도봉산,그룹 0
서울,독립문,그룹 0
서울,독바위,그룹 2
서울,독산,그룹 0
서울,돌곶이,그룹 2
서울,둔촌동,그룹 0
서울,"둔촌오륜, 올림픽공원",그룹 0
서울,등촌,그룹 0
서울,"디지털미디어시티, 수색",그룹 0
서울,"뚝섬, 서울숲",그룹 1
서울,"마곡, 마곡나루",그룹 1
서울,마들,그룹 2
서울,마천,그룹 2
서울,"마포구청, 월드컵경기장",그룹 0
서울,"망우, 상봉",그룹 1
서울,망원,그룹 1
서울,매봉,그룹 0
서울,먹골,그룹 0
서울,면목,그룹 2
서울,"목동, 신정, 신정네거리",그룹 0
서울,"몽촌토성, 석촌, 송파, 송파나루, 한성백제",그룹 1
서울,무악재,그룹 2
서울,"문래, 영등포구청",그룹 1
서울,문정,그룹 1
서울,"미아, 삼양, 삼양사거리, 솔샘",그룹 2
서울,미아사거리,그룹 1
서울,발산,그룹 1
서울,방학,그룹 0
서울,복정,그룹 0
서울,"봉은사, 삼성, 삼성중앙, 청담",그룹 1
서울,봉천,그룹 0
서울,"봉화산, 화랑대",그룹 2
서울,북한산보국문,그룹 2
서울,불암산,그룹 2
서울,사가정,그룹 0
서울,사당,그룹 0
서울,"삼전, 잠실새내",그룹 1
서울,상계,그룹 2
서울,상도,그룹 0
서울,"상왕십리, 행당",그룹 0
서울,"상월곡, 월곡",그룹 0
서울,상일동,그룹 0
서울,새절,그룹 0
서울,"서대문, 아현, 애오개, 충정로",그룹 0
서울,서빙고,그룹 3
서울,서울대입구,그룹 1
서울,석계,그룹 0
서울,석촌고분,그룹 1
서울,선릉,그룹 1
서울,선유도,그룹 0
서울,성수,그룹 1
서울,성신여대입구,그룹 1
서울,수락산,그룹 2
서울,수서,그룹 0
서울,"수유, 화계",그룹 1
서울,숭실대입구,그룹 0
서울,신금호,그룹 0
서울,신길,그룹 0
서울,"신내, 양원",그룹 0
서울,신대방,그룹 2
서울,신도림,그룹 0
서울,"신목동, 염창",그룹 0
서울,신설동,그룹 0
서울,"신이문, 외대앞",그룹 0
서울,신풍,그룹 0
서울,쌍문,그룹 0
서울,아차산,그룹 0
서울,암사,그룹 0
서울,암사역사공원,그룹 2
서울,압구정,그룹 1
서울,압구정로데오,그룹 0
서울,양재,그룹 1
서울,양재시민의숲,그룹 2
서울,양천구청,그룹 2
서울,양천향교,그룹 0
서울,양평,그룹 0
서울,어린이대공원,그룹 0
서울,"언주, 역삼, 학동",그룹 0
서울,여의나루,그룹 0
서울,연신내,그룹 1
서울,영등포,그룹 1
서울,영등포시장,그룹 1
서울,오류동,그룹 0
서울,오목교,그룹 1
서울,옥수,그룹 0
서울,온수,그룹 0
서울,"용두, 제기동",그룹 0
서울,용마산,그룹 2
서울,우장산,그룹 0
서울,월계,그룹 0
서울,응봉,그룹 2
서울,응암,그룹 1
서울,이촌,그룹 0
서울,일원,그룹 0
서울,자양,그룹 0
서울,"잠실, 잠실나루",그룹 1
서울,장승배기,그룹 0
서울,장지,그룹 0
서울,장한평,그룹 2
서울,정릉,그룹 2
서울,종합운동장,그룹 0
서울,중계,그룹 2
서울,중곡,그룹 0
서울,중랑,그룹 0
서울,중앙보훈병원,그룹 0
서울,중화,그룹 2
서울,증산,그룹 2
서울,창동,그룹 0
서울,천왕,그룹 2
서울,천호,그룹 1
서울,청계산입구,그룹 0
서울,청량리,그룹 0
서울,총신대입구,그룹 1
서울,태릉입구,그룹 0
서울,하계,그룹 0
서울,한강진,그룹 0
서울,한남,그룹 0
서울,"한성대입구, 혜화",그룹 1
서울,한양대,그룹 0
서울,합정,그룹 1
서울,홍대입구,그룹 1
서울,홍제,그룹 0
서울,화곡,그룹 1
서울,회기,그룹 1
서울,효창공원앞,그룹 0
서울,흑석,그룹 0
울산,개운포,그룹 3
울산,남창,그룹 2
울산,덕하,그룹 2
울산,망양,그룹 3
울산,서생,그룹 3
울산,태화강,그룹 0
인천,가재울,그룹 2
인천,가정,그룹 1
인천,가정중앙시장,그룹 0
인천,"간석, 석바위시장",그룹 2
인천,"간석오거리, 동암",그룹 0
인천,갈산,그룹 0
인천,검단사거리,그룹 0
인천,검단오류,그룹 3
인천,검단호수공원,그룹 3
인천,검바위,그룹 2
인천,검암,그룹 0
인천,"경인교대입구, 계산",그룹 0
인천,계양,그룹 3
인천,공항화물청사,그룹 3
인천,"국제업무지구, 송도달빛축제공원",그룹 2
인천,굴포천,그룹 0
인천,귤현,그룹 0
인천,남동구청,그룹 2
인천,남동인더스파크,그룹 2
인천,도원,그룹 2
인천,도화,그룹 2
인천,독정,그룹 0
인천,동막,그룹 2
인천,"동수, 부평",그룹 1
인천,동인천,그룹 0
인천,동춘,그룹 0
인천,"마전, 완정",그룹 0
인천,만수,그룹 2
인천,모래내시장,그룹 0
인천,문학경기장,그룹 3
인천,박촌,그룹 2
인천,"백운, 부평삼거리",그룹 0
인천,부개,그룹 2
인천,부평구청,그룹 2
인천,부평시장,그룹 1
인천,산곡,그룹 1
인천,삼산체육관,그룹 2
인천,서구청,그룹 0
인천,"서부여성회관, 석남",그룹 2
인천,"석천사거리, 인천시청",그룹 0
인천,선학,그룹 2
인천,센트럴파크,그룹 0
인천,소래포구,그룹 2
인천,송도,그룹 2
인천,숭의,그룹 0
인천,"시민공원, 주안",그룹 1
인천,신검단중앙,그룹 2
인천,신연수,그룹 2
인천,신포,그룹 2
인천,아라,그룹 1
인천,아시아드경기장,그룹 0
인천,연수,그룹 0
인천,영종,그룹 3
인천,예술회관,그룹 1
인천,왕길,그룹 2
인천,운서,그룹 0
인천,운연,그룹 3
인천,원인재,그룹 3
인천,인천,그룹 2
인천,인천가좌,그룹 2
인천,인천공항1터미널,그룹 0
인천,인천공항2터미널,그룹 0
인천,인천논현,그룹 1
인천,인천대공원,그룹 2
인천,인천대입구,그룹 0
인천,인천터미널,그룹 0
인천,인하대,그룹 0
인천,임학,그룹 2
인천,작전,그룹 0
인천,제물포,그룹 0
인천,주안국가산단,그룹 3
인천,지식정보단지,그룹 2
인천,청라국제도시,그룹 3
인천,캠퍼스타운,그룹 0
인천,테크노파크,그룹 0
인천,호구포,그룹 2
충남,두정,그룹 0
충남,배방,그룹 0
충남,봉명,그룹 0
충남,성환,그룹 2
충남,신창,그룹 3
충남,쌍용,그룹 0
충남,아산,그룹 0
충남,온양온천,그룹 2
충남,직산,그룹 3
충남,천안,그룹 0
충남,탕정,그룹 0
