상권_ID,역명,지역,프리미엄_지수,가성비_지수,클러스터
401,홍대입구,서울,151.1,44.0,2
329,선릉,서울,142.8,43.0,2
241,"고속터미널, 반포, 사평, 신반포, 잠원",서울,142.3,35.0,2
291,"마곡, 마곡나루",서울,131.0,40.0,2
226,"강남, 논현, 신논현, 신사",서울,130.3,38.0,2
242,"공덕, 마포",서울,121.4,38.0,2
249,"교대, 서초",서울,107.3,32.0,2
364,오목교,서울,106.8,30.0,2
310,"봉은사, 삼성, 삼성중앙, 청담",서울,106.7,26.0,2
361,영등포,서울,106.4,31.0,2
248,"광흥창, 대흥, 상수, 서강대, 신촌, 이대",서울,105.8,28.0,2
376,"잠실, 잠실나루",서울,104.9,32.0,2
398,"한성대입구, 혜화",서울,103.7,28.0,2
263,남부터미널,서울,102.5,31.0,2
237,건대입구,서울,102.5,31.0,2
307,발산,서울,99.7,30.0,2
270,노원,서울,99.4,29.0,2
119,수원시청,경기,96.5,29.0,2
317,"삼전, 잠실새내",서울,94.8,29.0,2
230,"강변, 구의",서울,94.8,28.0,2
303,"문래, 영등포구청",서울,94.7,30.0,2
256,국회의사당,서울,94.2,28.0,2
352,양재,서울,92.2,28.0,2
350,압구정,서울,92.2,26.0,2
179,정발산,경기,91.8,27.0,2
400,합정,서울,91.7,28.0,2
118,수원,경기,91.7,23.0,2
222,"가산디지털단지, 남구로",서울,91.4,31.0,2
251,구로디지털단지,서울,89.0,32.0,2
138,야탑,경기,88.5,26.0,2
135,안양,경기,87.9,28.0,2
94,상동,경기,87.8,27.0,2
238,"경복궁, 광화문, 금호, 동대문, 동대문역사문화공원, 동대입구, 동묘앞, 명동, 버티고개, 보문, 서울역, 시청, 신당, 안국, 약수, 을지로3가, 을지로4가, 을지로입구, 종각, 종로3가, 종로5가, 창신, 청구, 충무로, 회현",서울,87.7,29.0,2
278,"대방, 샛강, 여의도",서울,86.5,26.0,2
404,회기,서울,86.0,26.0,2
326,서울대입구,서울,85.5,30.0,2
130,신중동,경기,84.2,26.0,2
393,총신대입구,서울,82.5,25.0,2
100,서현,경기,81.8,24.0,2
328,석촌고분,서울,81.0,25.0,2
362,영등포시장,서울,79.9,30.0,2
74,범계,경기,79.6,23.0,1
186,중앙,경기,78.8,24.0,2
335,"수유, 화계",서울,78.2,24.0,2
69,미사,경기,77.6,26.0,2
228,"강동, 길동",서울,75.6,23.0,1
116,수내,경기,75.2,23.0,1
182,정자,경기,75.2,24.0,1
18,광교중앙,경기,74.6,24.0,1
88,산본,경기,72.9,20.0,1
219,화정,경기,72.9,22.0,1
332,성신여대입구,서울,72.0,25.0,1
390,천호,서울,71.0,24.0,1
227,"강남구청, 선정릉",서울,71.0,20.0,1
360,연신내,서울,70.8,24.0,1
83,부천시청,경기,70.1,22.0,1
223,"가양, 증미",서울,69.6,23.0,1
306,미아사거리,서울,69.0,22.0,1
372,응암,서울,68.4,23.0,1
301,"몽촌토성, 석촌, 송파, 송파나루, 한성백제",서울,67.2,21.0,1
58,마두,경기,67.2,20.0,1
304,문정,서울,67.0,22.0,1
296,망원,서울,67.0,23.0,1
403,화곡,서울,66.4,21.0,1
290,"뚝섬, 서울숲",서울,66.4,24.0,1
295,"망우, 상봉",서울,66.2,22.0,1
22,구리,경기,65.5,21.0,1
250,구로,서울,65.4,20.0,1
324,"서대문, 아현, 애오개, 충정로",서울,65.4,19.0,1
82,부천,경기,64.5,23.0,1
275,"당곡, 보라매, 보라매공원, 보라매병원, 서울대벤처타운, 서울지방병무청, 서원, 신대방삼거리, 신림",서울,63.9,20.0,1
378,장지,서울,63.8,18.0,1
240,"고려대, 안암",서울,63.6,18.0,1
351,압구정로데오,서울,62.4,15.0,1
19,광명,경기,61.2,18.0,1
269,노량진,서울,61.1,19.0,1
394,태릉입구,서울,59.9,18.0,1
194,철산,경기,59.8,18.0,1
276,당산,서울,58.9,19.0,1
260,길음,서울,58.2,18.0,1
358,"언주, 역삼, 학동",서울,57.6,18.0,1
38,다산,경기,57.6,20.0,1
258,"굽은다리, 명일",서울,57.1,18.0,1
71,"발곡, 범골, 회룡",경기,57.0,21.0,1
343,신설동,서울,56.8,19.0,1
149,영통,경기,56.7,17.0,1
103,선부,경기,56.6,17.0,1
359,여의나루,서울,56.4,14.0,1
207,평촌,경기,56.0,19.0,1
21,구래,경기,55.8,18.0,1
131,신천,경기,54.6,18.0,1
320,"상왕십리, 행당",서울,53.6,17.0,1
357,어린이대공원,서울,53.6,17.0,1
243,공릉,서울,53.0,17.0,1
253,"구산, 불광, 역촌",서울,52.2,16.0,1
331,성수,서울,52.2,20.0,1
56,"동천, 오리",경기,52.0,17.0,1
255,구파발,서울,52.0,15.0,1
392,청량리,서울,51.4,17.0,1
346,쌍문,서울,51.4,17.0,1
316,사당,서울,50.8,15.0,1
286,둔촌동,서울,50.8,18.0,1
232,개봉,서울,50.0,18.0,1
388,창동,서울,49.8,17.0,1
311,봉천,서울,49.4,18.0,1
206,평내호평,경기,49.2,15.0,1
73,백석,경기,49.0,14.0,1
267,"내방, 방배",서울,48.9,16.0,1
120,수지구청,경기,48.8,15.0,1
334,수서,서울,48.7,13.0,1
28,금정,경기,48.6,17.0,1
113,송내,경기,48.6,17.0,1
87,사우,경기,48.4,16.0,1
208,평택,경기,48.3,13.0,1
344,"신이문, 외대앞",서울,48.2,17.0,1
34,"남한산성입구, 단대오거리",경기,47.8,16.0,1
300,"목동, 신정, 신정네거리",서울,47.6,15.0,1
288,등촌,서울,47.5,16.0,1
247,광운대,서울,47.2,14.0,1
68,미금,경기,47.1,14.0,1
20,광명사거리,경기,46.6,16.0,1
277,대림,서울,46.5,17.0,1
66,"모란, 태평",경기,45.4,14.0,1
355,양천향교,서울,45.0,16.0,1
356,양평,서울,44.4,16.0,1
229,강동구청,서울,44.2,15.0,1
121,"수진, 신흥",경기,44.0,15.0,1
183,주엽,경기,43.6,13.0,3
62,망포,경기,43.6,15.0,1
373,이촌,서울,43.6,12.0,3
330,선유도,서울,43.4,17.0,1
172,일산,경기,43.4,14.0,3
77,병점,경기,43.2,16.0,1
216,한대앞,경기,43.1,14.0,3
395,하계,서울,42.6,16.0,1
308,방학,서울,42.6,14.0,3
319,상도,서울,42.6,13.0,3
160,운정,경기,42.3,13.0,3
341,신도림,서울,42.3,13.0,3
402,홍제,서울,41.8,13.0,3
348,암사,서울,41.8,13.0,3
180,정부과천청사,경기,41.6,14.0,3
289,"디지털미디어시티, 수색",서울,41.4,13.0,3
323,새절,서울,41.2,16.0,1
315,사가정,서울,41.0,14.0,3
384,중랑,서울,40.9,14.0,3
262,낙성대,서울,40.6,12.0,3
174,장기,경기,39.8,12.0,3
136,야당,경기,39.6,12.0,3
399,한양대,서울,39.5,13.0,3
190,지행,경기,39.4,12.0,3
106,성복,경기,39.4,14.0,3
257,군자,서울,39.2,13.0,3
342,"신목동, 염창",서울,39.0,12.0,3
322,상일동,서울,39.0,12.0,3
218,화서,경기,38.6,11.0,3
363,오류동,서울,38.1,13.0,3
345,신풍,서울,38.0,12.0,3
124,시흥능곡,경기,37.9,13.0,3
298,먹골,서울,37.8,12.0,3
159,운양,경기,37.7,11.0,3
406,흑석,서울,37.7,11.0,3
30,기흥,경기,37.6,13.0,3
110,소사,경기,37.4,14.0,3
184,죽전,경기,37.4,10.0,3
265,"남영, 삼각지, 숙대입구, 신용산, 용산",서울,37.1,13.0,3
10,고잔,경기,36.5,14.0,3
259,금천구청,서울,36.2,13.0,3
383,중곡,서울,36.2,12.0,3
176,장자호수공원,경기,36.0,12.0,3
171,인덕원,경기,35.8,11.0,3
239,고덕,서울,35.8,12.0,3
97,상현,경기,35.8,12.0,3
65,명학,경기,35.6,12.0,3
157,용인중앙시장,경기,35.0,11.0,3
245,관악산,서울,34.8,10.0,3
347,아차산,서울,34.6,13.0,3
367,"용두, 제기동",서울,34.4,12.0,3
50,도농,경기,34.4,11.0,3
0,"가능, 경기도청북부청사, 경전철의정부, 곤제, 동오, 새말, 의정부, 의정부시청, 의정부중앙, 효자, 흥선",경기,33.9,14.0,3
405,효창공원앞,서울,33.8,13.0,3
147,역곡,경기,33.7,12.0,3
1,가천대,경기,33.6,9.0,3
154,오산대,경기,33.2,11.0,3
3,갈매,경기,33.2,10.0,3
104,성균관대,경기,32.8,11.0,3
143,양평,경기,32.8,10.0,3
297,매봉,서울,32.7,10.0,3
202,탄현,경기,32.4,9.0,3
261,까치산,서울,32.0,11.0,3
233,"개포동, 구룡, 대모산입구, 대청, 대치, 도곡, 학여울, 한티",서울,31.8,9.0,3
52,동구릉,경기,31.8,10.0,3
236,거여,서울,31.5,10.0,3
272,"녹사평, 이태원",서울,31.5,10.0,3
279,도림천,서울,31.4,12.0,3
369,우장산,서울,31.4,11.0,3
213,하남시청,경기,31.4,11.0,3
17,광교,경기,31.4,10.0,3
377,장승배기,서울,31.2,10.0,3
254,구일,서울,31.0,12.0,3
285,돌곶이,서울,30.8,12.0,3
210,풍무,경기,30.6,9.0,3
284,독산,서울,30.4,11.0,3
338,신길,서울,30.2,9.0,3
134,안산,경기,29.4,13.0,3
381,종합운동장,서울,29.2,8.0,3
379,장한평,서울,29.2,11.0,3
327,석계,서울,29.1,10.0,3
235,"개화산, 방화",서울,29.0,11.0,3
244,"공항시장, 김포공항, 송정, 신방화",서울,28.8,9.0,3
95,상록수,경기,28.8,9.0,3
114,"송산, 어룡, 탑석",경기,28.6,12.0,3
294,"마포구청, 월드컵경기장",서울,28.2,10.0,3
99,서정리,경기,28.0,11.0,3
318,상계,서울,27.8,12.0,3
333,수락산,서울,27.6,10.0,3
75,별내,경기,27.4,9.0,3
246,광나루,서울,27.3,8.0,3
167,월곶,경기,27.3,10.0,3
201,춘의,경기,27.2,12.0,3
339,"신내, 양원",서울,27.0,9.0,3
274,"답십리, 마장, 신답, 왕십리, 용답",서울,26.8,9.0,3
336,숭실대입구,서울,26.6,9.0,3
153,오산,경기,26.3,9.0,3
397,한남,서울,26.2,8.0,3
67,문산,경기,26.0,9.0,3
25,군포,경기,25.9,11.0,3
162,원당,경기,25.8,8.0,3
188,지축,경기,25.6,8.0,3
47,덕계,경기,25.4,8.0,3
380,정릉,서울,25.4,10.0,3
264,남성,서울,25.4,9.0,3
46,대화,경기,25.2,7.0,3
386,중화,서울,25.2,10.0,3
29,금촌,경기,25.0,9.0,3
63,매교,경기,24.8,9.0,3
292,마들,서울,24.6,8.0,3
27,금릉,경기,24.6,8.0,3
185,중동,경기,24.0,10.0,3
61,망월사,경기,23.8,8.0,3
177,전곡,경기,23.6,8.0,3
271,녹번,서울,23.4,8.0,3
4,강남대,경기,23.4,7.0,3
165,원종,경기,23.0,9.0,3
299,면목,서울,22.6,9.0,3
354,양천구청,서울,22.6,9.0,3
6,걸포북변,경기,22.4,7.0,3
92,삼송,경기,22.0,7.0,3
321,"상월곡, 월곡",서울,21.8,7.0,3
225,가좌,서울,21.6,7.0,3
76,별내별가람,경기,21.6,7.0,3
15,과천,경기,21.2,7.0,3
382,중계,서울,21.2,8.0,3
340,신대방,서울,21.2,8.0,3
166,원흥,경기,21.2,7.0,3
212,하남검단산,경기,21.2,7.0,3
375,자양,서울,20.8,7.0,3
217,행신,경기,20.2,6.0,3
59,마산,경기,20.2,6.0,3
111,소새울,경기,20.0,7.0,3
33,남위례,경기,20.0,7.0,3
115,송탄,경기,19.9,6.0,3
282,독립문,서울,19.9,6.0,3
195,청명,경기,19.6,6.0,3
57,둔전,경기,19.6,7.0,3
41,당정,경기,19.6,7.0,3
337,신금호,서울,19.6,6.0,3
214,하남풍산,경기,19.2,5.0,0
221,"가락시장, 개롱, 경찰병원, 방이, 오금",서울,19.2,9.0,3
86,사리,경기,19.0,8.0,3
35,녹양,경기,19.0,7.0,3
192,진접,경기,18.9,6.0,3
387,증산,서울,18.8,7.0,3
151,오목천,경기,18.6,7.0,3
312,"봉화산, 화랑대",서울,18.2,7.0,3
305,"미아, 삼양, 삼양사거리, 솔샘",서울,18.2,8.0,3
302,무악재,서울,17.6,6.0,0
101,석수,경기,17.6,5.0,0
211,풍산,경기,17.4,5.0,0
368,용마산,서울,17.2,7.0,3
293,마천,서울,17.0,7.0,3
23,구성,경기,16.4,5.0,0
60,마석,경기,16.4,5.0,0
156,용문,경기,16.4,5.0,0
12,고촌,경기,15.8,6.0,0
365,옥수,서울,15.4,4.0,0
220,"4.19민주묘지, 북한산우이, 솔밭공원",서울,15.3,5.0,0
108,세마,경기,15.2,6.0,0
126,시흥시청,경기,15.0,6.0,0
48,덕소,경기,14.8,6.0,0
142,양촌,경기,14.6,5.0,0
370,월계,서울,14.6,5.0,0
127,신갈,경기,14.6,5.0,0
49,덕정,경기,14.6,5.0,0
72,백마,경기,14.4,5.0,0
391,청계산입구,서울,14.4,4.0,0
224,가오리,서울,14.0,6.0,0
125,시흥대야,경기,13.4,6.0,0
389,천왕,서울,13.2,5.0,0
169,의왕,경기,13.1,5.0,0
353,양재시민의숲,서울,13.0,5.0,0
181,정왕,경기,12.8,5.0,0
231,강일,서울,12.7,3.0,0
314,불암산,서울,12.6,5.0,0
55,동백,경기,12.6,6.0,0
107,세류,경기,12.4,4.0,0
178,전대·에버랜드,경기,12.4,4.0,0
90,삼가,경기,12.2,3.0,0
54,동두천중앙,경기,11.8,5.0,0
200,초지,경기,11.6,5.0,0
203,퇴계원,경기,11.6,5.0,0
31,"김량장, 명지대",경기,10.8,4.0,0
280,도봉,서울,10.8,5.0,0
313,북한산보국문,서울,10.8,5.0,0
199,초월,경기,10.4,3.0,0
366,온수,서울,10.4,4.0,0
281,도봉산,서울,10.4,3.0,0
374,일원,서울,10.0,2.0,0
105,"성남, 이매, 판교",경기,10.0,2.0,0
273,녹천,서울,9.8,3.0,0
139,양수,경기,9.5,2.0,0
51,도심,경기,9.4,4.0,0
385,중앙보훈병원,서울,9.4,3.0,0
287,"둔촌오륜, 올림픽공원",서울,9.2,3.0,0
209,평택지제,경기,9.2,3.0,0
64,매탄권선,경기,8.6,4.0,0
148,연천,경기,8.4,4.0,0
2,가평,경기,8.2,2.0,0
187,지석,경기,8.2,2.0,0
122,시우,경기,7.4,3.0,0
14,곤지암,경기,7.4,3.0,0
164,원시,경기,7.4,3.0,0
26,금곡,경기,7.4,3.0,0
98,서동탄,경기,7.2,2.0,0
78,보산,경기,7.2,2.0,0
144,어정,경기,7.2,2.0,0
150,오남,경기,7.2,3.0,0
11,고진,경기,6.6,3.0,0
79,보정,경기,6.2,2.0,0
349,암사역사공원,서울,6.0,3.0,0
45,대야미,경기,5.4,2.0,0
36,능곡,경기,5.2,2.0,0
309,복정,서울,5.0,1.0,0
85,사릉,경기,5.0,1.0,0
170,이천,경기,5.0,1.0,0
266,남태령,서울,5.0,1.0,0
137,야목,경기,4.5,1.0,0
91,삼동,경기,4.4,2.0,0
117,수리산,경기,4.4,2.0,0
132,신현,경기,4.4,2.0,0
7,경기광주,경기,4.2,2.0,0
70,반월,경기,4.2,2.0,0
9,고색,경기,4.2,2.0,0
89,산성,경기,4.2,2.0,0
93,상갈,경기,4.2,2.0,0
80,보평,경기,4.2,2.0,0
193,천마산,경기,3.2,1.0,0
128,신둔도예촌,경기,3.2,1.0,0
141,양주,경기,3.2,1.0,0
396,한강진,서울,3.2,1.0,0
175,장암,경기,3.2,1.0,0
197,청평,경기,3.2,1.0,0
205,팔당,경기,3.2,1.0,0
268,노들,서울,3.2,1.0,0
168,월롱,경기,2.2,1.0,0
283,독바위,서울,2.2,1.0,0
16,관악,경기,2.2,1.0,0
112,소요산,경기,2.2,1.0,0
371,응봉,서울,2.2,1.0,0
123,시청·용인대,경기,2.2,1.0,0
32,까치울,경기,2.0,1.0,0
204,파주,경기,2.0,1.0,0
198,초당,경기,2.0,1.0,0
8,경마공원,경기,0.0,0.0,0
5,강매,경기,0.0,0.0,0
146,여주,경기,0.0,0.0,0
145,어천,경기,0.0,0.0,0
140,양정,경기,0.0,0.0,0
325,서빙고,서울,0.0,0.0,0
163,원덕,경기,0.0,0.0,0
161,운천,경기,0.0,0.0,0
158,운길산,경기,0.0,0.0,0
155,오이도,경기,0.0,0.0,0
173,임진강,경기,0.0,0.0,0
196,청산,경기,0.0,0.0,0
152,오빈,경기,0.0,0.0,0
191,진위,경기,0.0,0.0,0
13,곡산,경기,0.0,0.0,0
234,개화,서울,0.0,0.0,0
252,"구반포, 동작",서울,0.0,0.0,0
189,지평,경기,0.0,0.0,0
215,한국항공대,경기,0.0,0.0,0
96,상천,경기,0.0,0.0,0
81,부발,경기,0.0,0.0,0
109,세종대왕릉,경기,0.0,0.0,0
129,신원,경기,0.0,0.0,0
133,아신,경기,0.0,0.0,0
102,선바위,경기,0.0,0.0,0
84,부천종합운동장,경기,0.0,0.0,0
44,대성리,경기,0.0,0.0,0
43,대공원,경기,0.0,0.0,0
42,대곡,경기,0.0,0.0,0
40,달월,경기,0.0,0.0,0
39,달미,경기,0.0,0.0,0
53,동두천,경기,0.0,0.0,0
24,국수,경기,0.0,0.0,0
37,능길,경기,0.0,0.0,0
